:020000040800F2
:1000000000500020917C0008D97C0008D97C0008B1
:10001000D97C0008D97C0008D97C000800000000C9
:10002000000000000000000000000000D97C000873
:10003000D97C000800000000D97C00085760000847
:10004000D97C0008D97C0008D97C0008D97C00083C
:10005000D97C0008D97C00080D61000813610008F4
:10006000196100081F61000825610008D97C00089B
:10007000D97C0008D97C0008D97C0008D97C00080C
:10008000D97C0008D97C0008D97C0008D97C0008FC
:10009000D97C0008D97C0008D97C00082B610008B5
:1000A000D97C000801770008D97C00081577000882
:1000B000197700082D77000841770008F92B000810
:1000C000052C0008112C00081D2C0008D97C000804
:1000D000D97C0008956D0008AD6D0008C56D00085D
:1000E00041610008DD670008D97C000800000000BD
:1000F0000000000000000000000000000000000000
:0C01000000000000000000005FF808F1A3
:10010C00034613F8012B002AFBD1181A013870474B
:10011C0081F0004102E000BF83F0004330B54FEAAC
:10012C0041044FEA430594EA050F08BF90EA020F19
:10013C001FBF54EA000C55EA020C7FEA645C7FEAAC
:10014C00655C00F0E2804FEA5454D4EB5555B8BFCF
:10015C006D420CDD2C4480EA020281EA030382EA40
:10016C00000083EA010180EA020281EA0303362DD2
:10017C0088BF30BD11F0004F4FEA01314FF4801CA5
:10018C004CEA113102D0404261EB410113F0004FB7
:10019C004FEA03334CEA133302D0524263EB43036E
:1001AC0094EA050F00F0A780A4F10104D5F1200E0C
:1001BC000DDB02FA0EFC22FA05F2801841F1000167
:1001CC0003FA0EF2801843FA05F359410EE0A5F13B
:1001DC0020050EF1200E012A03FA0EFC28BF4CF06C
:1001EC00020C43FA05F3C01851EBE37101F0004522
:1001FC0007D54FF0000EDCF1000C7EEB00006EEB2F
:10020C000101B1F5801F1BD3B1F5001F0CD34908B8
:10021C005FEA30004FEA3C0C04F101044FEA44520F
:10022C0012F5800F80F09A80BCF1004F08BF5FEA96
:10023C00500C50F1000041EB045141EA050130BD76
:10024C005FEA4C0C404141EB0101013C28BFB1F588
:10025C00801FE9D291F0000F04BF01460020B1FAD3
:10026C0081F308BF2033A3F10B03B3F120020CDAA6
:10027C000C3208DD02F1140CC2F10C0201FA0CF084
:10028C0021FA02F10CE002F11402D8BFC2F1200CE9
:10029C0001FA02F120FA0CFCDCBF41EA0C0190409F
:1002AC00E41AA2BF01EB0451294330BD6FEA0404E8
:1002BC001F3C1CDA0C340EDC04F11404C4F12002D3
:1002CC0020FA04F001FA02F340EA030021FA04F3E5
:1002DC0045EA030130BDC4F10C04C4F1200220FA3C
:1002EC0002F001FA04F340EA0300294630BD21FA7A
:1002FC0004F0294630BD94F0000F83F4801306BF40
:10030C0081F480110134013D4EE77FEA645C18BF33
:10031C007FEA655C29D094EA050F08BF90EA020FCA
:10032C0005D054EA000C04BF1946104630BD91EAC2
:10033C00030F1EBF0021002030BD5FEA545C05D1C5
:10034C004000494128BF41F0004130BD14F5800404
:10035C003CBF01F5801130BD01F0004545F0FE4178
:10036C0041F470014FF0000030BD7FEA645C1ABFAD
:10037C00194610467FEA655C1CBF0B46024650EAE4
:10038C00013406BF52EA033591EA030F41F4002110
:10039C0030BD00BF90F0000F04BF0021704730B596
:1003AC004FF4806404F132044FF000054FF000016B
:1003BC0050E700BF90F0000F04BF0021704730B52C
:1003CC004FF4806404F1320410F0004548BF404201
:1003DC004FF000013EE700BF42004FEAE2014FEA56
:1003EC0031014FEA02701FBF12F07F4393F07F4F31
:1003FC0081F06051704732F07F4208BF704793F034
:10040C007F4F04BF41F40021704730B54FF4607446
:10041C0001F0004521F000411CE700BF50EA010249
:10042C0008BF704730B54FF000050AE050EA0102F2
:10043C0008BF704730B511F0004502D5404261EB62
:10044C0041014FF4806404F132045FEA915C3FF4A3
:10045C00D8AE4FF003025FEADC0C18BF03325FEA40
:10046C00DC0C18BF033202EBDC02C2F1200300FAF1
:10047C0003FC20FA02F001FA03FE40EA0E0021FA16
:10048C0002F11444BDE600BF70B54FF0FF0C4CF404
:10049C00E06C1CEA11541DBF1CEA135594EA0C0FB6
:1004AC0095EA0C0F00F0DEF82C4481EA030621EAF1
:1004BC004C5123EA4C5350EA013518BF52EA03352C
:1004CC0041F4801143F4801338D0A0FB02CE4FF0DE
:1004DC000005E1FB02E506F00042E0FB03E54FF00E
:1004EC000006E1FB03569CF0000F18BF4EF0010E06
:1004FC00A4F1FF04B6F5007F64F5407404D25FEA02
:10050C004E0E6D4146EB060642EAC62141EA5551B4
:10051C004FEAC52040EA5E504FEACE2EB4F1FD0CF6
:10052C0088BFBCF5E06F1ED8BEF1004F08BF5FEA74
:10053C00500E50F1000041EB045170BD06F0004626
:10054C0046EA010140EA020081EA0301B4EB5C04D3
:10055C00C2BFD4EB0C0541EA045170BD41F48011CB
:10056C004FF0000E013C00F3AB8014F1360FDEBFF0
:10057C00002001F0004170BDC4F10004203C35DACC
:10058C000C341BDC04F11404C4F1200500FA05F34F
:10059C0020FA04F001FA05F240EA020001F00042F0
:1005AC0021F0004110EBD37021FA04F642EB060166
:1005BC005EEA430E08BF20EAD37070BDC4F10C0490
:1005CC00C4F1200500FA04F320FA05F001FA04F254
:1005DC0040EA020001F0004110EBD37041F1000140
:1005EC005EEA430E08BF20EAD37070BDC4F120054B
:1005FC0000FA05F24EEA020E20FA04F301FA05F2B3
:10060C0043EA020321FA04F001F0004121FA04F25A
:10061C0020EA020000EBD3705EEA430E08BF20EA2A
:10062C00D37070BD94F0000F0FD101F00046400064
:10063C0041EB010111F4801F08BF013CF7D041EAE6
:10064C00060195F0000F18BF704703F000465200EA
:10065C0043EB030313F4801F08BF013DF7D043EABB
:10066C000603704794EA0C0F0CEA135518BF95EA71
:10067C000C0F0CD050EA410618BF52EA4306D1D1F8
:10068C0081EA030101F000414FF0000070BD50EA17
:10069C00410606BF1046194652EA430619D094EAA1
:1006AC000C0F02D150EA013613D195EA0C0F05D18B
:1006BC0052EA03361CBF104619460AD181EA0301DF
:1006CC0001F0004141F0FE4141F470014FF0000097
:1006DC0070BD41F0FE4141F4780170BD70B54FF032
:1006EC00FF0C4CF4E06C1CEA11541DBF1CEA1355B2
:1006FC0094EA0C0F95EA0C0F00F0A7F8A4EB050494
:10070C0081EA030E52EA03354FEA013100F088808A
:10071C004FEA03334FF0805545EA131343EA126353
:10072C004FEA022245EA111545EA10654FEA002608
:10073C000EF000419D4208BF964244F1FD0404F5C1
:10074C00407402D25B084FEA3202B61A65EB03051D
:10075C005B084FEA32024FF480104FF4002CB6EBDA
:10076C00020E75EB030E22BFB61A754640EA0C005A
:10077C005B084FEA3202B6EB020E75EB030E22BF9A
:10078C00B61A754640EA5C005B084FEA3202B6EBDB
:10079C00020E75EB030E22BFB61A754640EA9C009A
:1007AC005B084FEA3202B6EB020E75EB030E22BF6A
:1007BC00B61A754640EADC0055EA060E18D04FEA28
:1007CC00051545EA16754FEA06164FEAC30343EAC8
:1007DC0052734FEAC2025FEA1C1CC0D111F4801F95
:1007EC000BD141EA00014FF000004FF0004CB6E78E
:1007FC0011F4801F04BF01430020B4F1FD0C88BF2D
:10080C00BCF5E06F3FF6AFAEB5EB030C04BFB6EB37
:10081C00020C5FEA500C50F1000041EB045170BD2A
:10082C000EF0004E4EEA113114EB5C04C2BFD4EB57
:10083C000C0541EA045170BD41F480114FF0000EDB
:10084C00013C90E645EA060E8DE60CEA135594EA57
:10085C000C0F08BF95EA0C0F3FF43BAF94EA0C0F5A
:10086C000AD150EA01347FF434AF95EA0C0F7FF4CF
:10087C0025AF104619462CE795EA0C0F06D152EA23
:10088C0003353FF4FDAE1046194622E750EA410607
:10089C0018BF52EA43067FF4C5AE50EA41047FF418
:1008AC000DAF52EA43057FF4EBAE12E74FF0FF3C7D
:1008BC0006E000BF4FF0010C02E000BF4FF0010C4E
:1008CC004DF804CD4FEA410C7FEA6C5C4FEA430CC7
:1008DC0018BF7FEA6C5C1BD001B050EA410C0CBF16
:1008EC0052EA430C91EA030F02BF90EA020F002078
:1008FC00704710F1000F91EA030F58BF994208BFDF
:10090C0090422CBFD8176FEAE37040F0010070479B
:10091C004FEA410C7FEA6C5C02D150EA013C07D1F2
:10092C004FEA430C7FEA6C5CD6D152EA033CD3D03D
:10093C005DF8040B704700BF8446104662468C4637
:10094C001946634600E000BF01B5FFF7B7FF00286A
:10095C0048BF10F1000F01BD4DF808EDFFF7F4FF93
:10096C000CBF012000205DF808FB00BF4DF808ED1E
:10097C00FFF7EAFF34BF012000205DF808FB00BF41
:10098C004DF808EDFFF7E0FF94BF012000205DF863
:10099C0008FB00BF4DF808EDFFF7CEFF94BF012018
:1009AC0000205DF808FB00BF4DF808EDFFF7C4FF11
:1009BC0034BF012000205DF808FB00BF4FEA410C5A
:1009CC007FEA6C5C02D150EA013C0AD14FEA430C3D
:1009DC007FEA6C5C02D152EA033C02D14FF000007A
:1009EC0070474FF0010070474FEA410212F50012B8
:1009FC0015D211D56FF47873B3EB625212D94FEA5A
:100A0C00C12343F0004343EA505311F0004F23FA43
:100A1C0002F018BF404270474FF00000704750EA98
:100A2C00013005D111F0004008BF6FF00040704755
:100A3C004FF00000704700BF4A0011D212F50012AF
:100A4C0011D20DD56FF47873B3EB62520ED44FEA1A
:100A5C00C12343F0004343EA505323FA02F070479A
:100A6C004FF00000704750EA013002D14FF0FF30D8
:100A7C0070474FF00000704780F0004002E000BF6C
:100A8C0081F0004142001FBF5FEA410392EA030F6D
:100A9C007FEA226C7FEA236C6AD04FEA1262D2EBB7
:100AAC001363C1BFD218414048404140B8BF5B42BC
:100ABC00192B88BF704710F0004F40F4000020F055
:100ACC007F4018BF404211F0004F41F4000121F06B
:100ADC007F4118BF494292EA030F3FD0A2F10102B5
:100AEC0041FA03FC10EB0C00C3F1200301FA03F1F3
:100AFC0000F0004302D5494260EB4000B0F5000F16
:100B0C0013D3B0F1807F06D340084FEA310102F1D4
:100B1C000102FE2A51D2B1F1004F40EBC25008BF86
:100B2C0020F0010040EA03007047490040EB000050
:100B3C00013A28BFB0F5000FEDD2B0FA80FCACF151
:100B4C00080CB2EB0C0200FA0CF0AABF00EBC2507E
:100B5C0052421843BCBFD0401843704792F0000F6C
:100B6C0081F4000106BF80F400000132013BB5E7BF
:100B7C004FEA41037FEA226C18BF7FEA236C21D035
:100B8C0092EA030F04D092F0000F08BF084670479A
:100B9C0090EA010F1CBF0020704712F07F4F04D168
:100BAC00400028BF40F00040704712F100723CBF7B
:100BBC0000F50000704700F0004343F0FE4040F4A5
:100BCC00000070477FEA226216BF08467FEA236363
:100BDC000146420206BF5FEA412390EA010F40F44E
:100BEC00800070474FF0000304E000BF10F000439A
:100BFC0048BF40425FEA000C08BF704743F0964381
:100C0C0001464FF000001CE050EA010208BF70479B
:100C1C004FF000030AE000BF50EA010208BF704722
:100C2C0011F0004302D5404261EB41015FEA010C37
:100C3C0002BF84460146002043F0B64308BFA3F12F
:100C4C008053A3F50003BCFA8CF2083AA3EBC25311
:100C5C0010DB01FA02FC634400FA02FCC2F1200230
:100C6C00BCF1004F20FA02F243EB020008BF20F067
:100C7C000100704702F1200201FA02FCC2F12002CD
:100C8C0050EA4C0021FA02F243EB020008BF20EAC2
:100C9C00DC7070474FF0FF0C1CEAD0521EBF1CEAF0
:100CAC00D15392EA0C0F93EA0C0F6FD01A4480EADE
:100CBC00010C400218BF5FEA41211ED04FF00063C7
:100CCC0043EA501043EA5111A0FB01310CF00040F3
:100CDC00B1F5000F3EBF490041EAD3715B0040EA19
:100CEC00010062F17F02FD2A1DD8B3F1004F40EBE9
:100CFC00C25008BF20F00100704790F0000F0CF0BC
:100D0C00004C08BF49024CEA502040EA51207F3A7F
:100D1C00C2BFD2F1FF0340EAC250704740F400005A
:100D2C004FF00003013A5DDC12F1190FDCBF00F04B
:100D3C0000407047C2F10002410021FA02F1C2F1F9
:100D4C00200200FA02FC5FEA310040F1000053EA95
:100D5C004C0308BF20EADC70704792F0000F00F0E3
:100D6C00004C02BF400010F4000F013AF9D040EAE9
:100D7C000C0093F0000F01F0004C02BF490011F47D
:100D8C00000F013BF9D041EA0C018FE70CEAD1537B
:100D9C0092EA0C0F18BF93EA0C0F0AD030F0004CFB
:100DAC0018BF31F0004CD8D180EA010000F00040AF
:100DBC00704790F0000F17BF90F0004F084691F06D
:100DCC00000F91F0004F14D092EA0C0F01D14202A7
:100DDC000FD193EA0C0F03D14B0218BF084608D170
:100DEC0080EA010000F0004040F0FE4040F40000BA
:100DFC00704740F0FE4040F4400070474FF0FF0C4D
:100E0C001CEAD0521EBF1CEAD15392EA0C0F93EA93
:100E1C000C0F69D0A2EB030280EA010C49024FEAE5
:100E2C00402037D04FF0805343EA111143EA10139E
:100E3C000CF000408B4238BF5B0042F17D024FF456
:100E4C00000C8B4224BF5B1A40EA0C00B3EB510F31
:100E5C0024BFA3EB510340EA5C00B3EB910F24BF1A
:100E6C00A3EB910340EA9C00B3EBD10F24BFA3EB9F
:100E7C00D10340EADC001B0118BF5FEA1C1CE0D167
:100E8C00FD2A3FF650AF8B4240EBC25008BF20F01A
:100E9C00010070470CF0004C4CEA50207F32C2BF6E
:100EAC00D2F1FF0340EAC250704740F400004FF00B
:100EBC000003013A37E792F0000F00F0004C02BF3C
:100ECC00400010F4000F013AF9D040EA0C0093F006
:100EDC00000F01F0004C02BF490011F4000F013B60
:100EEC00F9D041EA0C0195E70CEAD15392EA0C0FC8
:100EFC0008D142027FF47DAF93EA0C0F7FF470AF00
:100F0C00084676E793EA0C0F04D14B023FF44CAF42
:100F1C0008466EE730F0004C18BF31F0004CCAD1D7
:100F2C0030F000427FF45CAF31F000437FF43CAF13
:100F3C005FE700BF4FF0FF3C06E000BF4FF0010C35
:100F4C0002E000BF4FF0010C4DF804CD4FEA400217
:100F5C004FEA41037FEA226C18BF7FEA236C11D061
:100F6C0001B052EA530C18BF90EA010F58BFB2EB14
:100F7C00030088BFC81738BF6FEAE17018BF40F094
:100F8C00010070477FEA226C02D15FEA402C05D148
:100F9C007FEA236CE4D15FEA412CE1D05DF8040BCD
:100FAC00704700BF844608466146FFE70FB5FFF760
:100FBC00C9FF002848BF10F1000F0FBD4DF808ED18
:100FCC00FFF7F4FF0CBF012000205DF808FB00BF09
:100FDC004DF808EDFFF7EAFF34BF012000205DF863
:100FEC0008FB00BF4DF808EDFFF7E0FF94BF0120B0
:100FFC0000205DF808FB00BF4DF808EDFFF7D2FFAD
:10100C0094BF012000205DF808FB00BF4DF808EDEF
:10101C00FFF7C8FF34BF012000205DF808FB00BFBC
:10102C004FEA4002B2F1FE4F0FD34FF09E03B3EBE9
:10103C0012620DD94FEA002343F0004310F0004F29
:10104C0023FA02F018BF404270474FF0000070477F
:10105C0012F1610F01D1420205D110F0004008BF1E
:10106C006FF0004070474FF00000704742000ED206
:10107C00B2F1FE4F0BD34FF09E03B3EB126209D4C7
:10108C004FEA002343F0004323FA02F070474FF07D
:10109C000000704712F1610F01D1420202D14FF0F2
:1010AC00FF3070474FF00000704700BF10B5054C83
:1010BC00237833B9044B13B10448AFF300800123F8
:1010CC00237010BD94000020000000004482000832
:1010DC0008B5034B1BB103490348AFF3008008BDAF
:1010EC0000000000980000204482000870B50446FF
:1010FC000E4600680949FFF7CDFD05463046FFF75F
:10110C0075FD0749FFF7C6FD01462846FFF7BAFCF7
:10111C002060FFF7ABFF80B270BD00BF9A99193FFA
:10112C00CDCCCC3E10B50B4C4FF4E1312046062211
:10113C0005F092FF01F0B8F801F0E0F800F00EFCB9
:10114C0000F02AFC00F07CFC2046BDE8104002496F
:10115C0006F076BBB40300205C820008F8B5724D33
:10116C00724C2B786BB901F0AEF8012370492070EA
:10117C0070482B7006F055FB0A2221786D4806F05A
:10118C00C8FB2378072B5DD8DFE803F004094D6119
:10119C006ACB83A76849674806F052FB52E067495F
:1011AC00644806F04DFB01F065F901466448FFF711
:1011BC009DFF074601F064F901466248FFF796FF70
:1011CC00064601F063F901465F48FFF78FFF0546BD
:1011DC0001F062F901465D48FFF788FF5C4904465F
:1011EC00544806F01EFB0A223946524806F070FBA2
:1011FC005849504806F015FB0A2231464D4806F076
:10120C0067FB55494B4806F00CFB29460A22494816
:10121C0006F05EFB5149474806F003FBA4F132018E
:10122C000A2289B20BE04E49424806F009FB01F054
:10123C0027F901464348FFF759FF0A2201463D486A
:10124C0006F048FBBDE8F840142006F043BE4549C3
:10125C00384806F0F5FA01F019F901463A48EAE780
:10126C004149344806F0ECFA01F004F901463448DF
:10127C00FFF73CFF054601F00FF901463348FFF735
:10128C0035FF294604460A222A4806F021FB374935
:10129C00C1E700F03FFC01F0EDF801462848FFF7EC
:1012AC0025FF044601F0F8F801462848FFF71EFF19
:1012BC00054601F0E5F801462248FFF717FF064600
:1012CC0001F0E4F801462048FFF710FF32460346D0
:1012DC002946204600F0FAFEB4E700F01BFC01F0B2
:1012EC00C9F801461648FFF701FF044601F0D4F88F
:1012FC0001461648FFF7FAFE054601F0C1F8014613
:10130C001048FFF7F3FE064601F0C0F801460E4800
:10131C00FFF7ECFE324603462946204600F072F8F1
:10132C0090E7134937E700BFB1000020B000002060
:10133C006F820008B40300207E8200088C820008B3
:10134C00B4000020BC000020C0000020B800002029
:10135C00A2820008A7820008AE820008B5820008AD
:10136C00BD820008D0820008E4820008F8820008E0
:10137C00FC820008034A1378023303F00303137052
:10138C00704700BF0000002070B51B4D1B4C2E7821
:10139C00012E0BD100F03AFE194A1378033303F0F7
:1013AC000303137000232B70267070BD022E0CD11A
:1013BC0000F03CFE124A1378013303F00303137060
:1013CC0000232B7001232370EFE7837823B10126D0
:1013DC002E7000F015FEE7E7037813B900F010FE4D
:1013EC00F0E7437813B102232B70F7E700F016FEF9
:1013FC00FFF7C0FFE6E700BFC40000201501002086
:10140C00000000202DE9F74F654D1E462B788246D3
:10141C000C461746DFF8C4910BB1002309E099F88C
:10142C000030DFF8BC814BB906F052FD0123C8F83F
:10143C00000089F8003003B0BDE8F08F06F048FDDD
:10144C00D8F80030C01A0928F5D9A245D04638BFC3
:10145C00A046544BB8F1A90F1A788CBF0024012474
:10146C00002A74D0D22E94BF4FF0000B4FF0010B1A
:10147C0083F800B04C4B1A78002A6BD0D22F94BF53
:10148C004FF0000A4FF0010AA92E8CBF0022012256
:10149C0083F800A0454BA92F1A708CBF00220122A3
:1014AC00434B444944481A7006F0BBF90A224146A2
:1014BC00414806F00DFA41493F4806F0B2F90A22BC
:1014CC0039463D4806F004FA3D493B4806F0A9F977
:1014DC000A223146384806F0FBF93A49364806F0FC
:1014EC00A0F90A222146344806F0F2F9364932486E
:1014FC0006F097F90A2251462F4806F0E9F9334EC7
:10150C0033492D4806F08DF90A2259462A4806F02F
:10151C00E1F9377833468DF804408DF805B08DF835
:10152C0006A0D7B904B35FFA8BF3EBB95FFA8AF371
:10153C00D3B9284A137000F069FD274A1378033396
:10154C0003F00303137001232B70337065E7B6F5BA
:10155C00877F88E7B7F5877F91E7012F84F0010437
:10156C000DD12CB100221A7001A8FFF70DFF54E722
:10157C0000F054FDFFF7FEFE02232F70E5E7022F6B
:10158C00F2D1002CEED100F051FD134A34701378D7
:10159C00013303F00303137001232B703DE700BFED
:1015AC0015010020C7000020C6000020C900002043
:1015BC00C800002003830008B403002077830008D0
:1015CC00418300080F83000818830008C500002021
:1015DC0020830008C400002000000020CA00002066
:1015EC00CC00002038B51C2006F04CFC04461D2015
:1015FC0006F048FC074940EA44000A78064CC0B2A1
:10160C00064B40EA820225689B562B4423600870E7
:10161C0038BD00BF1601002010010020BB8300085C
:10162C00FFF7E0BF38B5012006F02CFC0446002083
:10163C0006F028FC074940EA44000A78064CC0B280
:10164C00064D40EA82022368AA569B1A2360087052
:10165C0038BD00BF140100200C010020BB83000822
:10166C00FFF7E0BF38B572B600250F4B01201D60A7
:10167C000E4B1D6006F006FC0446284606F002FCE4
:10168C000B4B40EA4400C0B218701C2006F0FAFB69
:10169C0004461D2006F0F6FB064B40EA4400C0B29F
:1016AC00187062B638BD00BF0C010020100100207C
:1016BC001401002016010020002310B503604360C4
:1016CC00044606F005FCA06010BD00002DE9F843AF
:1016DC000E46044606F0FCFB0746A068381AFFF7D6
:1016EC0081FA2B49FFF78AFB00210546FFF77AFCAC
:1016FC0028B94FF07C512846FFF788FC00B1254DE6
:10170C002549A7603046FFF7C5FA31468046284682
:10171C00FFF7C0FA2168FFF7B5F9DFF888900746A4
:10172C004946FFF773FC10B1C4F8009008E0DFF8ED
:10173C00789038464946FFF74BFC0028F4D12760D7
:10174C0016492068FFF7A6FA616807463046FFF78E
:10175C0097F91349FFF79EFA2946FFF74FFB054609
:10176C00394666604046FFF78DF92946FFF78AF93E
:10177C000C490446FFF74AFC40B920460A49FFF7DA
:10178C0027FC00B1084C2046BDE8F883054CFAE76D
:10179C0000007A440AD7233CCDCCCC3EA69B443BDC
:1017AC00295C8F3D00004842000048C22DE9F743F8
:1017BC0080460F461E462A4C2A4920461546DDF81F
:1017CC00289006F02EF84146204606F02AF82046CE
:1017DC00254906F035F82046244906F022F839460A
:1017EC00234F0A22204606F052F83946204606F0CE
:1017FC0018F8204B0A221968204606F048F82046B3
:10180C001D4906F00EF83046FEF7E6FD00260B46A5
:10181C0002460096204606F03BF92046174906F092
:10182C0000F80A222946204606F031F839462046AF
:10183C0005F0F7FF124B0A221968204606F027F82C
:10184C002046104905F0EDFF4846FEF7C5FD02465F
:10185C000B4620460A9603B0BDE8F04306F01DB9CE
:10186C00B4030020288300082F8300087883000825
:10187C0036830008DC000020388300083F83000812
:10188C00E000002045830008FA2838B50546A8BFBB
:10189C00FA250028044609DD0021152006F0CEFAB1
:1018AC002946BDE83840142006F024BA06D00121A0
:1018BC00152006F0C3FA05F1FF01F2E7FF21142011
:1018CC0006F018FA2146BDE83840152006F0B6BAE5
:1018DC00FA2838B50546A8BFFA250028044609DDC4
:1018EC000021172006F0AAFA2946BDE83840162038
:1018FC0006F000BA06D00121172006F09FFA05F178
:10190C00FF01F2E7FF21162006F0F4F92146BDE8AD
:10191C003840172006F092BA72B6044B1B6803606D
:10192C00034B1B680B6062B6704700BF0C010020B4
:10193C001001002008B5FF21142006F0DBF9FF216F
:10194C00162006F0D7F90121152006F077FABDE82C
:10195C0008400121172006F071BA000008B50121DA
:10196C00142006F01DFA0121152006F019FA0121A8
:10197C00162006F015FA0121172006F011FAFFF7D0
:10198C00D9FFBDE808400249024805F059BF00BF25
:10199C004C830008B403002010B50221012006F08E
:1019AC00FFF90221002006F0FBF91E4C02211C203D
:1019BC0006F0F6F91D20022106F0F2F9FFF752FEAF
:1019CC00B4F902300222013314BF01204FF0FF3072
:1019DC00154906F00BF9B4F9000002220130134945
:1019EC004FF0FF3018BF002006F000F9B4F9383082
:1019FC000222013314BF1C204FF0FF300C4906F0BB
:101A0C00F5F8B4F93A300B49013314BF1D204FF0EF
:101A1C00FF30022206F0EAF8BDE8104006490748FC
:101A2C0005F00EBF08880008311600086D16000876
:101A3C00F11500082D1600085A830008B403002085
:101A4C0010B50024084B1C60084B1C6006F040FAD3
:101A5C00074B1860074B1C60074B1C70074B1C7026
:101A6C00074B1C7010BD00BFE8000020EC000020EC
:101A7C00D8000020D4000020E4000020F00000205A
:101A8C00D000002038B505460C461A481A4905F016
:101A9C00C8FE0A222946174805F0F9FE17491548D1
:101AAC0005F0BFFE21460A22124805F01DFF012257
:101ABC00134B1D60134B1C60134B1A70FFF7D2FDB8
:101ACC001248FFF7F9FD1248FFF7F6FDFFF7B8FFD4
:101ADC00002DACBF2E206FF02D00002CACBF31249C
:101AEC006FF03004FFF7D0FE2046BDE83840FFF71A
:101AFC00EFBE00BFB40300206E83000841830008D2
:101B0C00DC000020E000002015010020F400002083
:101B1C00000100202DE9F04FA04C89B02378002B58
:101B2C0046D0DFF8D09207A906A8FFF7F5FEDDF83E
:101B3C001880D9F800009A4DA0EB0800FFF756F872
:101B4C00DDF81CA007462868A0EB0A00FFF74EF84A
:101B5C00944AB8F1000F1168B8BFC8F100080531FC
:101B6C008AEAEA7341450646CDE902958E488F4DC7
:101B7C00A3EBEA7303DB01680531994205DAC2F87D
:101B8C000080036006F0A4F9286006F0A1F92B6828
:101B9C00C01A32280FD9FFF7CDFEDDE9061200235B
:101BAC0023703B4682480096FFF700FEFFF748FF84
:101BBC0009B0BDE8F08F27F0004A4FF08141504644
:101BCC00FFF710FA80B14FF0814126F00040FFF78B
:101BDC0009FA48B1FFF7AEFEDDE90612002375489D
:101BEC0023703B460096DFE73846FFF719FA80EA88
:101BFC00E075A5EBE0753046FFF712FA6E4B80EA04
:101C0C00E0741A789946A4EBE074002A40F007813E
:101C1C00A5422B46B8BF2346002B00F0EF80394677
:101C2C006648FFF753FD314605466548FFF74EFD04
:101C3C00002104463846FFF7DFF900210028304622
:101C4C0014BF4FF0010B4FF0FF3BFFF7D5F95D4B85
:101C5C0000281B7814BF4FF0010A4FF0FF3A002BFD
:101C6C0000F01C81584B1B78002B15BFB920FF20AE
:101C7C00FF23B92300FB0BF00493FEF7B7FF2946B3
:101C8C00FEF700FFFFF7CCF9049B054603FB0AF0B7
:101C9C00FEF7ACFF2146FEF7F5FEFFF7C1F9FA2D72
:101CAC006FF0F903A8BFFA259D42B8BF1D46FA286C
:101CBC00A8BFFA2098420446B8BF1C462846DFF855
:101CCC0038A1FFF7E1FD2046FFF702FEDAF80030FD
:101CDC00A8EB0303C72B7FF76BAF3C493C4805F0DF
:101CEC00A0FD0A2206993A4805F0D1FD3949384839
:101CFC0005F097FD029B0A221968354805F0C7FDCF
:101D0C003549334805F08DFD0A220799304805F016
:101D1C00BEFD30492E4805F084FD039B0A2219684C
:101D2C002B4805F0B4FD2D49294805F07AFD3846BD
:101D3C00FEF752FB002702460B462548009705F09C
:101D4C00A7FE2749224805F06CFD3046FEF744FB00
:101D5C0000970B4602461E4805F09AFE21491C4886
:101D6C0005F05FFD0A222946194805F0B1FD1E4910
:101D7C00174805F056FD0A222146154805F0A8FD26
:101D8C0099F80010194A1A4B1148B94214BF114660
:101D9C00194605F055FDCAF8008009E71501002029
:101DAC00E0000020E8000020EC000020D80000201B
:101DBC008683000893830008E4000020F4000020D0
:101DCC0000010020F0000020D000002078830008E3
:101DDC00B40300203683000841830008A783000861
:101DEC00AC830008B1830008B68300087B8300082D
:101DFC0081830008DC000020D4000020012389F836
:101E0C0000300023774A78491360784A7848136089
:101E1C0005F016FD99F80030002B3FF400AF4FF0A1
:101E2C0081415046FFF7DEF8002846D000220025FD
:101E3C006C4B1A6026F0004B4FF081415846FFF76F
:101E4C00D1F8002800F0828000220024674B1A6031
:101E5C004FF081415046FFF7D9F850B185EAE57350
:101E6C00A3EBE573092B04DC002DD4BF6FF009053F
:101E7C000A254FF081415846FFF7C8F800283FF477
:101E8C001DAF84EAE473A3EBE473092B3FF716AFA1
:101E9C00002CD4BF6FF009040A240FE72E2000FB9E
:101EAC000BF0FEF7A3FE2946FEF7ECFDFFF7B8F8A2
:101EBC000546312000FB0AF0EAE62846FEF796FEBE
:101ECC000021FEF79BFF4FF07E510546FFF79EF871
:101EDC00002838D128464749FFF77AF800B1454D1C
:101EEC0028464549FEF7D6FE4449FEF7CBFDFFF7E1
:101EFC0097F8002183463846FFF788F8002814BF6E
:101F0C0001234FF0FF33394636480493FFF7DEFBCD
:101F1C00049B05460BFB03F0FEF768FE3549834630
:101F2C002846FEF7B7FE01465846FEF7ABFDFFF715
:101F3C0077F87828A8BF78206FF077039842054689
:101F4C00B8BF1D4676E74FF07E55C9E72046FEF731
:101F5C004DFE0021FEF752FF4FF07E510446FFF775
:101F6C0055F800283AD120462249FFF731F800B144
:101F7C00204C20462049FEF78DFE2049FEF782FDBD
:101F8C00FFF74EF8002105903046FFF73FF8002888
:101F9C0014BF01224FF0FF32314614480492FFF770
:101FAC0095FBDDE90423044603FB02F0FEF71EFE5D
:101FBC00104904902046FEF76DFE049B014618461E
:101FCC00FEF760FDFFF72CF87828A8BF78206FF09B
:101FDC00770398420446B8BF1C4639E74FF07E544D
:101FEC00C7E700BFF40000209D830008000100201B
:101FFC00B40300209A99193E000020420000704161
:10200C0040F2DC514FF4B960FFF73CBD4FF4027164
:10201C000148FFF737BD00BFF8FDFFFF4FF48261A9
:10202C000148FFF72FBD00BFF0FBFFFF4FF4FF701F
:10203C000149FFF727BD00BFF8FDFFFF034A1378E6
:10204C00023303F003031370704700BF000000203D
:10205C0070B51B4D1B4C2E78012E0BD1FFF7E6FFF4
:10206C00194A1378013303F00303137000232B7008
:10207C00267070BD022E0CD1FFF7C8FF124A1378E0
:10208C00033303F00303137000232B70012323701D
:10209C00EFE7437823B101262E70FFF7B1FFE7E796
:1020AC00037813B9FFF7ACFFF0E7837813B1022381
:1020BC002B70F7E7FFF7B2FFFFF7C0FFE6E700BFB3
:1020CC001701002015010020000000202DE9F74F1A
:1020DC00644D1E462B7882460C461746DFF8C0919D
:1020EC000BB1002309E099F80030DFF8B8814BB947
:1020FC0005F0EEFE0123C8F8000089F8003003B0AB
:10210C00BDE8F08F05F0E4FED8F80030C01A312895
:10211C00F5D9A245D04638BFA046534BB8F1A40F11
:10212C001A788CBF00240124002A74D0AA2E94BFE4
:10213C004FF0000B4FF0010B83F800B04B4B1A78AB
:10214C00002A6AD0AA2F94BF4FF0000A4FF0010A60
:10215C00A92E8CBF0022012283F800A0444BA92F8A
:10216C001A708CBF00220122424B434943481A701B
:10217C0005F057FB0A224146404805F0A9FB4049AF
:10218C003E4805F04EFB0A2239463C4805F0A0FBC0
:10219C003C493A4805F045FB0A223146374805F0E0
:1021AC0097FB3949354805F03CFB0A222146334858
:1021BC0005F08EFB3549314805F033FB0A225146B8
:1021CC002E4805F085FB324E32492C4805F029FB90
:1021DC000A225946294805F07DFB377833468DF89D
:1021EC0004408DF805B08DF806A0C7B9F4B15FFABC
:1021FC008BF3DBB95FFA8AF3C3B9274A1370FFF785
:10220C0015FF264A1378013303F0030313700123DF
:10221C002B70337065E7FA2E89E7FA2F93E7012FBD
:10222C0084F001040DD12CB100221A7001A8FFF723
:10223C000FFF56E7FFF7F2FEFFF700FF02232F70A8
:10224C00E7E7022FF2D1002CEED1FFF7DFFE134AA5
:10225C0034701378033303F00303137001232B70D2
:10226C003FE700BF150100201A01002019010020D2
:10227C001C0100201B010020CB830008B4030020AC
:10228C0077830008418300080F8300081883000837
:10229C0018010020208300081701002000000020F6
:1022AC001D0100202001002008B502210C2005F0A2
:1022BC0077FD0221092005F073FDBDE808400221DD
:1022CC00082005F06DBD38B50C2005F0DBFD05468A
:1022DC00092005F0D7FD0446082005F0D3FDB4FA1B
:1022EC0084F3B0FA80F25B0952095B0043EA820383
:1022FC00002D14BF184643F0010038BDF8B54C4B07
:10230C004C489A8FDB8F0021A0F88220A0F88030F7
:10231C0000F0B0F90121182005F042FD012119202F
:10232C0005F03EFD01211A2005F03AFD01211B208C
:10233C0005F036FD0021182005F080FD0021192044
:10234C0005F07CFD00211A2005F078FD00211B20F2
:10235C0005F074FD142005F0BDFD374F0121182048
:10236C0005F06CFD142005F0B5FD0121384600F098
:10237C009BFF3846302100F072FC304E01211920B1
:10238C0005F05CFD142005F0A5FD0121304600F0A0
:10239C008BFF3046312100F062FC294D01211A20BF
:1023AC0005F04CFD142005F095FD0121284600F0A8
:1023BC007BFF2846322100F052FC224C01211B20CD
:1023CC0005F03CFD142005F085FD0121204600F0B0
:1023DC006BFF2046332100F042FC322346F2A81159
:1023EC0038467B8173816B81638100F0E7FE46F296
:1023FC00A811304600F0E2FE46F2A811284600F083
:10240C00DDFE46F2A811204600F0D8FE3846002129
:10241C0000F027FD3046002100F023FD2846002166
:10242C0000F01FFD2046BDE8F840002100F019BD6A
:10243C000888000884010020240100205401002099
:10244C006C0100203C01002038B5054600F043FD2E
:10245C000446284600F066FD40B9631E9BB2B3F5F6
:10246C00FA6F28BF4FF4FA64204638BD4FF4FA6473
:10247C00FAE700000148FFF7E7BF00BF2401002086
:10248C000148FFF7E1BF00BF540100200148FFF7EE
:10249C00DBBF00BF6C0100200148FFF7D5BF00BFB8
:1024AC003C01002008B5074800F0B8FB064800F0D6
:1024BC00B5FB064800F0B2FBBDE80840044800F04C
:1024CC00ADBB00BF24010020540100206C01002092
:1024DC003C010020827D407D101A70470346427DEE
:1024EC00817D914281BF0169885C01325A7598BF28
:1024FC004FF0FF307047827D437D9A4286BF026960
:10250C00D05C4FF0FF307047836DD3F8B8201AB110
:10251C00002159779977104770470000202938BF60
:10252C00202138B5054680690C4605F0E3FD10B155
:10253C00A8612C7738BD2146BDE83840014804F02D
:10254C004DB900BFD583000813B5C37F04468DF881
:10255C000710BBB1817F037F0131994201D9FFF78D
:10256C00DDFFA06918B90123636002B010BD637F61
:10257C009DF80720C254637F01200133DBB26377DF
:10258C00A377F2E701220DF10701243000F020FAC5
:10259C00B0FA80F04009E8E770B5C37F04460E46F8
:1025AC001546CBB1817F037F1144994201D9FFF7C6
:1025BC00B5FFA36923B901221D466260284670BD90
:1025CC00607F2A461844314605F0D8FC637F2B44C3
:1025DC00DBB26377A377F1E792B2243000F0F8F91D
:1025EC00002818BF0025E9E700214FF47A72C0E9F2
:1025FC000112054A0260054A9188A0F88010D28821
:10260C00A0F88220704700BF5C840008088800088E
:10261C0038B500230446C0E90433C0E90633C0F8DA
:10262C00B8304B00DBB280F82030C067A1F133002A
:10263C004142414104F1240584F8B61084F8B720D6
:10264C0028464FF48042084900F000F994F8B6305F
:10265C004BB92846054900F06DFA2846BDE83840CC
:10266C00034900F060BA38BDA086010015250008AA
:10267C00CD2600080A463321FFF7CABF0023437753
:10268C004FF480734900C175C383704738B5037D1F
:10269C0005468B420C4609D2202938BF20240069FC
:1026AC00214605F027FD10B128612C7538BD214657
:1026BC00BDE83840014804F091B800BFD58300084C
:1026CC0070B5846D0546D4F8BC30466EEBB1627DB6
:1026DC00A37D9A4219D331462046FFF7D7FF2369D1
:1026EC0023B94FF4CF71094804F078F832462069C9
:1026FC0005F1700105F042FC0023A67563753046A8
:10270C00D4F8BC30BDE87040184770BDED830008AC
:10271C000346806918B100211A7F05F03DBC704753
:10272C0038B50446C9B94FF42A03636594F8B6303A
:10273C00012B15D1A37FA269E17D04F1240000F0E7
:10274C00B2F9042828BF042045B22046FFF7E0FF69
:10275C0000236377E383E8B238BD4FF02A43E4E704
:10276C000425F8E72DE9F04790F8B6A00446BAF135
:10277C00010F0F46154698469DF820609DF8249051
:10278C0006D11146FFF782FF23691BB9C4F804A0D8
:10279C0000252FE07F00FFB2CEB10023032E63771C
:1027AC004FF4807328BF0326E775E383013EF6B22E
:1027BC00FF2E08D02368F10028FA01F120461B688F
:1027CC00C9B29847F2E700212046FFF7A9FFB9F1FB
:1027DC00000F12D14FF42A0363653946ABB222695C
:1027EC0004F1240000F008F9002818BF002500238C
:1027FC00A57563752846BDE8F0874FF02A43EBE7D3
:10280C0007B5019300230093FFF7ACFF03B05DF80D
:10281C0004FB0123FFF7F4BF0121FFF781BF002167
:10282C0010B5044641758175006910B1227D05F023
:10283C00B3FB002320466377A377FFF769FF10BD36
:10284C000148FFF7D1BE00BF840100202DE9F34100
:10285C000D4616461F460446002800F08680534954
:10286C00B0F95C0003F074FF51498046B4F95E0086
:10287C0003F06EFF0146B8F1000F76D0002874D03B
:10288C00404603F08EFF206000286ED0494B04F1C7
:10289C00040898426CD103F5DE33DA6942F4001275
:1028AC00DA61DA6902F400120092009A1A6942F4B1
:1028BC0000121A611A6922F400121A6142F21F0303
:1028CC00A4F860303C4BC3F800803949B4F95E0081
:1028DC0003F01EFFB4F95C00344903F019FF3748CC
:1028EC0023688542636006D93548854203D935484B
:1028FC00854288BF00203149FF238D428CBF4FF4A5
:10290C0080450025C4E903570025E36194F8933012
:10291C002A46AB420CBF2B4640230221C4E90835A2
:10292C00A060666194F96000A56184F8415000F0E4
:10293C0095FF94F9600000F0C3FF2A46022194F938
:10294C00610000F08BFF94F9610000F0B9FF404684
:10295C0001F06AF920B140F2D5211B4803F03EFF8B
:10296C0000236366022384F8913002B0BDE8F08145
:10297C00164B9842A9D103F5DC33DA6942F4800294
:10298C00DA61DA6902F480020192019A1A6942F45E
:10299C0080021A611A6922F480021A6142F2212320
:1029AC00A4F86030044BC3F804808EE72886000836
:1029BC00F88500080054004044020020A086010065
:1029CC00801A060040420F007C840008005800402A
:1029DC00202A30B50ED800239CB2A24204D8D2B221
:1029EC0080F89020002030BDCD5CC41884F8705065
:1029FC000133F1E70120F6E72DE9F34105460C46DA
:102A0C009846174600F012FF2B6B043521460093B5
:102A1C00064643463A46284601F0CAFA044650B1E7
:102A2C00002002B0BDE8F08100F000FF841B2846B6
:102A3C0002F08DF930B9284602F086F9202801D031
:102A4C00632CF1D9284602F082F9632C07D8820650
:102A5C0005D4430705D40028E2D00420E1E7052083
:102A6C00DFE70320DDE710B564230446043001F0F2
:102A7C007BF902280AD0032801D068B910BD94F85C
:102A8C004130202B0CBF02200520F7E794F8413091
:102A9C00202B18BF0620F1E794F84130202B0CBFF7
:102AAC0002200420EAE72DE9F34105460C46904646
:102ABC001F4600F0BBFE06463FB9012221462846C0
:102ACC0002B0BDE8F041FFF7CEBF2B6B04352146B9
:102ADC00009342463B46284601F0F0F9044650B1BB
:102AEC00002002B0BDE8F08100F0A0FE841B284657
:102AFC0002F02DF930B9284602F026F9202801D031
:102B0C00632CF1D9284602F022F9632C07D88206EF
:102B1C0005D4430705D40028E2D00420E1E70520C2
:102B2C00DFE70320DDE720B119B18166043001F045
:102B3C004DBB704720B119B1C166043001F046BBE2
:102B4C007047C36810B59A4204461DD179B9836E9B
:102B5C0080F88D100BB104389847204694F88C20DF
:102B6C0004F16C012023BDE8104001F0B9BA002338
:102B7C000122036680F88D20016E0423BDE810400D
:102B8C0001446C3101F0E7BA10BD10B590F88D30EE
:102B9C000446012B04D1036E13B1436E04389847DD
:102BAC00022384F88D30002320462366BDE81040B4
:102BBC0001F00CBB036E1F2BDEBF036E01330366EB
:102BCC0090F88D30012BDAB205D1016E042301444B
:102BDC006C3101F0C0BA7047002380F88C3070471C
:102BEC0090F88E300BB901F0F1BA7047014B1868B0
:102BFC0001F0EABB44020020014B186802F008B84F
:102C0C0044020020014B586801F0DEBB4402002056
:102C1C00014B586801F0FCBF44020020034A42609B
:102C2C002922027200224281027370478401002023
:102C3C0070B504460E461546017A4068FFF71EFD36
:102C4C006068314603681B689847606829460368CA
:102C5C001B6898476068FFF7DFFD207070BD38B5C2
:102C6C0005460C4601F07F028A21FFF7E1FF2C722A
:102C7C0038BD70B504460E461546017A4068FFF71C
:102C8C00FDFC6068314603681B6898476068290A38
:102C9C0003681B6898476068E9B203681B6898472B
:102CAC006068FFF7B9FD207070BD70B504460E4624
:102CBC001546017A4068FFF7E1FC6068314603680D
:102CCC001B6898476068290E03681B689847606802
:102CDC00C5F3074103681B6898476068C5F3072173
:102CEC0003681B6898476068E9B203681B689847DB
:102CFC006068FFF791FD207070BD38B504460D4635
:102D0C00017A4068FFF7BAFC6068294603681B68C3
:102D1C0098476068FFF780FD0122217A2070606877
:102D2C00FFF777FD60680368DB689847C0B238BD71
:102D3C0038B504460D46017A4068FFF79FFC606881
:102D4C00294603681B6898476068FFF765FD0222F7
:102D5C00217A20706068FFF75CFD60680368DB68AF
:102D6C009847054660680368DB68984740EA052089
:102D7C0080B238BDF8B504460F46017A4068154656
:102D8C001E46FFF77BFC6068394603682E441B68BF
:102D9C009847B542606805D0036815F8011B1B689D
:102DAC009847F6E7FFF738FD2070F8BDF8B50446F4
:102DBC000F46017A406815461E46FFF75FFC6068B7
:102DCC00394603681B6898476068FFF725FD324653
:102DDC002070217A6068FFF71CFD2E44B54206D0A6
:102DEC0060680368DB68984705F8010BF6E7F8BDE7
:102DFC000000000070B50D46064600212846FEF77F
:102E0C00E7F80446B0B92846FDF7E6FA0BA3D3E978
:102E1C000023FDF7C9FD78B94FF086412846FDF730
:102E2C0039FFFEF723F9442182B23046FFF721FF28
:102E3C00012070BD0020FCE72046FAE7A4703D0A93
:102E4C00D7FF7F4008B531B95021FFF756FF01304D
:102E5C004000C0B208BD012901D17021F5E7FF2067
:102E6C00F8E738B504460D4601228021FFF7E0FE55
:102E7C000122FF212046FFF7DBFE002220461146EF
:102E8C00FFF7D6FE91212046227CFFF7D1FE0122CE
:102E9C0000212046FFF7CCFE0022FF212046FFF741
:102EAC00C7FE002280212046FFF7C2FE8DB1F8211B
:102EBC002046FFF73DFF00B145432A46042120463A
:102ECC00FFF7F3FE04222046BDE838400021FFF74F
:102EDC00AFBE0222F7E738B5044604F0F9FFE081F3
:102EEC0013212046FFF709FF430710D16389002BFC
:102EFC00F6D004F0EDFFE389C01A638980B28342F7
:102F0C00EED201234FF6FF752373284638BD1E21E0
:102F1C002046FFF70DFF012205460B212046FFF747
:102F2C0087FEF2E703460022007B1A737047F8B560
:102F3C0004460F46164680210122FFF779FE012236
:102F4C00FF212046FFF774FE002220461146FFF7B2
:102F5C006FFE0622FF212046FFF76AFE83212046E2
:102F6C00FFF7CBFE40F0040283212046D2B2FFF7DC
:102F7C005FFE0722FF212046FFF75AFE0122812126
:102F8C002046FFF755FE012280212046FFF750FE18
:102F9C006B2294212046FFF74BFE00228321204612
:102FAC00FFF746FE04F094FFE08183212046FFF7F3
:102FBC00A4FE054660B96389002BF6D004F088FFA7
:102FCC00E389C01A638980B28342EED2284637E087
:102FDC00012283212046FFF72BFE92212046FFF78A
:102FEC008CFE00F07F03C0F3C0103B7000228121E7
:102FFC0030702046FFF71CFE0622FF212046FFF70B
:10300C0017FE83212046FFF778FE832100F0FB0298
:10301C002046FFF70DFE0122FF212046FFF708FE98
:10302C00012200212046FFF703FE0022FF2120464B
:10303C00FFF7FEFD204600228021FFF7F9FD01205D
:10304C00F8BD10B50C460121FFF757FEC0F3001375
:10305C002370C0F3C003A370C0F380036370C0F38C
:10306C008013C0F3C010E370207110BDC3B2000A0E
:10307C0003FA00F0013080B2704760B100230138D0
:10308C0030F0FF019AB203F1010301D04008F7E7D9
:10309C0040EA022080B270474FF47A72054B4B43E2
:1030AC0003F5FA73B3FBF2F3434303F5FA73B3FB83
:1030BC00F2F07047002F3A0070B50E46002114460E
:1030CC000546FFF7BFFE462120802846FFF715FE78
:1030DC00013080B22178A080FFF7DEFF5121E06043
:1030EC002846FFF725FEFFF7C1FF2178E080FFF7A8
:1030FC00D3FF702120612846FFF7FFFD431C5B00C6
:10310C00DBB2638071212846FFF712FEFFF7AEFF9A
:10311C00F378208113B1E388C01A2081A17820892B
:10312C00FFF7BAFF606170BD10B5044688B0694600
:10313C00FFF787FF6946204602AAFFF7BDFF9DF8FF
:10314C000030DBB1059800F684509DF80230C3B115
:10315C00059B03F2B22300EB43009DF803301BB137
:10316C00069B03F5257318449DF804301BB1079B8F
:10317C0003F226231844606108B010BD40F63630C7
:10318C00E3E79DF80130002BE7D0059B03F5257391
:10319C001844E2E7084B4FF47A7259434FF4FA6340
:1031AC0001F5FA71B1FBF3F3B1FBF2F102FB003064
:1031BC00B0FBF1F0704700BF002F3A00F0B50446A9
:1031CC0089B00D466946FFF73CFF6946204602AAC6
:1031DC00FFF772FF9DF8003063B3059B03F6845331
:1031EC009DF802204AB3059A02F2B22203EB420385
:1031FC009DF803701FB1069A02F5257213449DF8D1
:10320C0004601EB303F22623AB4221D89DF80A10AA
:10321C00E81AFFF7BFFF17B1BDF80E301844FFF7DF
:10322C002CFF712102462046FFF723FD65613046D5
:10323C0009B0F0BD40F63633D2E79DF80120002AE4
:10324C00D6D0059A02F525721344D1E70126EEE794
:10325C000026ECE738B541F0010200210446FFF7E7
:10326C00E7FC04F035FEE08113212046FFF745FD15
:10327C0010F007050CD16389002BF5D004F028FE63
:10328C00E389C01A638980B28342EDD228460AE0F2
:10329C0001220B212046FFF7CBFC002220461146D1
:1032AC00FFF7C6FC012038BDF0B50D4685B0C02136
:1032BC000446FFF722FDEE2803D00025284605B072
:1032CC00F0BD55B189212046FFF717FD40F00102F2
:1032DC0089212046D2B2FFF7ABFC00228821204680
:1032EC00FFF7A6FC012280212046FFF7A1FC01225A
:1032FC00FF212046FFF79CFC002220461146FFF7D9
:10330C0097FC91212046FFF7F8FC01220021207444
:10331C002046FFF78DFC0022FF212046FFF788FC9A
:10332C00002280212046FFF783FC60212046FFF716
:10333C00E4FC40F01202D2B260212046FFF778FC88
:10334C004FF07A512046FFF755FDFF220121204610
:10335C00FFF76EFC20460DF107020DF10601FFF799
:10336C00E6FD0028A9D000250623B021204602AA9C
:10337C00FFF71CFD0122FF212046FFF759FC00221C
:10338C004F212046FFF754FC2C224E212046FFF7FC
:10339C004FFC0022FF212046FFF74AFCB422B62145
:1033AC002046FFF745FC9DF807302A46002B14BF3A
:1033BC004FF00C0C4FF0000C4FF0010E9DF8067006
:1033CC0004ABEEB2C5F3C4001844B44510F8083C85
:1033DC0005F0070102D8974240F0DF810EFA01F1A7
:1033EC0023EA010300F8083C0135302DE8D106230F
:1033FC00B021204602AAFFF7BDFC0122FF21204686
:10340C00FFF716FC002220461146FFF711FC0022A4
:10341C00FF212046FFF70CFC002209212046FFF774
:10342C0007FC002210212046FFF702FC002211218C
:10343C002046FFF7FDFB012224212046FFF7F8FB75
:10344C00FF2225212046FFF7F3FB002275212046A1
:10345C00FFF7EEFB0122FF212046FFF7E9FB2C22B0
:10346C004E212046FFF7E4FB002248212046FFF7BF
:10347C00DFFB202229462046FFF7DAFB0022FF2142
:10348C002046FFF7D5FB092229462046FFF7D0FB43
:10349C00002254212046FFF7CBFB04223121204689
:1034AC00FFF7C6FB032232212046FFF7C1FB832224
:1034BC0040212046FFF7BCFB252246212046FFF782
:1034CC00B7FB002260212046FFF7B2FB0022272128
:1034DC002046FFF7ADFB062250212046FFF7A8FB44
:1034EC00002251212046FFF7A3FB962252212046B1
:1034FC00FFF79EFB082256212046FFF799FB2A4630
:10350C0057212046FFF794FB002261212046FFF74C
:10351C008FFB002262212046FFF78AFB00226421E8
:10352C002046FFF785FB002265212046FFF780FB34
:10353C00A02266212046FFF77BFB0122FF212046BB
:10354C00FFF776FB322222212046FFF771FB142273
:10355C0047212046FFF76CFBFF2249212046FFF74D
:10356C0067FB00224A212046FFF762FB0022FF2165
:10357C002046FFF75DFB0A227A212046FFF758FB15
:10358C0000227B212046FFF753FB21227821204685
:10359C00FFF74EFB0122FF212046FFF749FB3422A7
:1035AC0023212046FFF744FB002242212046FFF74F
:1035BC003FFBFF2244212046FFF73AFB2622452100
:1035CC002046FFF735FB052246212046FFF730FB4E
:1035DC00402220461146FFF72BFB06220E212046E7
:1035EC00FFF726FB1A2220212046FFF721FB402261
:1035FC0043212046FFF71CFB0022FF212046FFF74A
:10360C0017FB032234212046FFF712FB44223521FD
:10361C002046FFF70DFB0122FF212046FFF708FB98
:10362C00042231212046FFF703FB09224B212046BF
:10363C00FFF7FEFA05224C212046FFF7F9FA042287
:10364C004D212046FFF7F4FA0022FF212046FFF718
:10365C00EFFA002244212046FFF7EAFA2022452106
:10366C002046FFF7E5FA082247212046FFF7E0FA4B
:10367C00282248212046FFF7DBFA0022672120464A
:10368C00FFF7D6FA042270212046FFF7D1FA012267
:10369C0071212046FFF7CCFAFE2272212046FFF75B
:1036AC00C7FA002276212046FFF7C2FA00227721C2
:1036BC002046FFF7BDFA0122FF212046FFF7B8FA9A
:1036CC0001220D212046FFF7B3FA0022FF212046EC
:1036DC00FFF7AEFA012280212046FFF7A9FAF82263
:1036EC0001212046FFF7A4FA0122FF212046FFF713
:1036FC009FFA01228E212046FFF79AFA012200211F
:10370C002046FFF795FA0022FF212046FFF790FA9A
:10371C00002280212046FFF78BFA04220A21204642
:10372C00FFF786FA84212046FFF7E7FA842100F0A0
:10373C00EF022046FFF77CFA01220B212046FFF70F
:10374C0077FA2046FFF7F0FCE82201216061204661
:10375C00FFF76EFA61692046FFF730FD0122204623
:10376C001146FFF765FA40212046FFF773FD00284C
:10377C003FF4A3AD022201212046FFF759FA0021A4
:10378C002046FFF767FD054600283FF496ADE8227A
:10379C0001212046FFF74CFA90E50B41DB0744BFB3
:1037AC000132D2B220E6704738B50E4B0546187878
:1037BC004FF47A73B3FBF0F30B4A1068B0FBF3F0E1
:1037CC0000F0A0F8044658B90F2D09D80246294636
:1037DC004FF0FF3000F042F82046044B1D6038BD1E
:1037EC000120FCE7010000201C0000200400002048
:1037FC00074A08B51368032043F01003136000F068
:10380C001BF80020FFF7D0FFFFF7CDFF002008BD0D
:10381C0000200240034A044B11681B780B441360D0
:10382C00704700BFE004002001000020014B186825
:10383C00704700BFE004002007490302CA6803F484
:10384C00E06322F4E0621204120C134343F0BF63F2
:10385C0043F40033CB60704700ED00E0164B30B5FD
:10386C00DC68C4F30224C4F10703251D042B28BF14
:10387C000423062D4FF0FF3598BF002405FA03F3FF
:10388C0088BF033C21EA0303A34005FA04F422EAAF
:10389C000402002843EA0203ACBF00F16040074A6F
:1038AC004FEA0313DBB2ABBF00F5614000F00F0031
:1038BC0080F80033135430BD00ED00E014ED00E04F
:1038CC00002808DB0123420900F01F0003FA00F076
:1038DC00014B43F82200704700E100E000280DDBAB
:1038EC000122430900F01F0002FA00F0044A2033C1
:1038FC0042F82300BFF34F8FBFF36F8F704700BFA9
:10390C0000E100E00138B0F1807F0AD2F021064BD3
:10391C00064A586082F823100020072298601A602B
:10392C0070470120704700BF10E000E000ED00E0A0
:10393C00002809DB0122430900F01F0002FA00F005
:10394C00024A603342F82300704700BF00E100E0F8
:10395C00704708B5FFF7FCFF08BD000008B590F8EC
:10396C002130022B03D004238363012008BD03689C
:10397C001A6822F00E021A601A6822F001021A600C
:10398C00174A93421CD0143293421BD014329342E8
:10399C001AD0143293421AD0143293421AD01432E1
:1039AC0093420CBF4FF480134FF080730D4A536059
:1039BC004FF480730384436B7BB198470020D5E7A9
:1039CC000123F3E71023F1E74FF48073EEE74FF494
:1039DC008053EBE74FF48033E8E71846C6E700BFA7
:1039EC00080002400000024090F8210070470000DF
:1039FC002DE9F74F00221646644BDFF8A0C1DFF823
:103A0C00A0E10D6835FA06F402D103B0BDE8F08FE1
:103A1C004FF0010808FA06F805EA080438EA05052B
:103A2C007CD14D68032D07D8013D022D00F2888012
:103A3C00DFE805F0969BA100122D00F099806FD85D
:103A4C00112D00F08F80FF2C98BF82464FF00F098C
:103A5C0088BF00F1040A4FEA8605DAF8008088BFB7
:103A6C00203D09FA05FB28EA0B0802FA05F548EA9D
:103A7C000505CAF80050D1F804A01AF0805F4DD0AB
:103A8C00434F26F00308BD6908F1804845F0010555
:103A9C00BD61BD6908F5803805F00105019506F09A
:103AAC00030B019D4FEA8B0BD8F8085009FA0BF960
:103ABC0025EA0909374DA84261D005F58065A84271
:103ACC005FD005F58065A8425DD005F58065A842FC
:103ADC000CBF0325042505FA0BF545EA0905C8F8C2
:103AEC0008501D681AF4803F14BF2543A5431D6080
:103AFC005D681AF4003F14BF2543A5435D609D68C3
:103B0C001AF4801F14BF2543A5439D60DD681AF489
:103B1C00001F14BF2C4325EA0404DC60013670E757
:103B2C001D4FBD420CD017D8DFF878904D4507D00B
:103B3C0009F570294D4503D0A9F580194D4582D161
:103B4C008A68D2B1012A08BFC0F810804FF0080271
:103B5C0018BFC0F8148076E76545F1D07545EEE7DF
:103B6C00CA6870E7CA6804326DE7CA6808326AE747
:103B7C00CA680C3267E7002265E7042263E7002578
:103B8C00A9E70125A7E70225A5E700BF000401402E
:103B9C00001002400008014000002210000031100B
:103BAC000000321000001210044A08B5516901429D
:103BBC0002D0506102F08EFA08BD00BF0004014033
:103BCC002DE9F84606460F4691461D464FEA114A26
:103BDC003368BAF1010F0CBF5C699C6927EA0404D5
:103BEC00A4B2B4FA84F46409A14501D0002017E012
:103BFC006A1CEED0FFF71AFE089BC01AA84201D827
:103C0C00002DE5D1002320220120336386F83D20CE
:103C1C0086F83E30326C86F83C3042F0200232643A
:103C2C00BDE8F8867047000070B5044608B901205D
:103C3C0070BD90F83D3003F0FF021BB980F83C20BA
:103C4C00FFF7F0FF2423226884F83D30136823F03B
:103C5C000103136001F0F0FA3F4A6368934294BF8A
:103C6C003E4A3F4A90428CBF00220122002ADED1FC
:103C7C003C4E2268B0FBF6F65168013821F03F014A
:103C8C00314351603449156A8B4281BF4FF49671B0
:103C9C0071434FF47A76B1FBF6F125F03F0594BFF2
:103CAC00711C013129431162D1692B4D21F44F4113
:103CBC00AB4221F0FF0132D85B00B0FBF3F0431CA8
:103CCC0040F6FC70034242D0C3F30B030B43D361A9
:103CDC001168D4E9073021F0C00103430B43136092
:103CEC009168D4E9030321F40341034321F0FF015C
:103CFC000B439360D168D4E9053021F0FF010343F5
:103D0C000B43D3601368002043F00103136020239E
:103D1C00206484F83D30206384F83E0088E7A56871
:103D2C0055B903EB4303B0FBF3F30133C3F30B03BC
:103D3C007BB143F40043C9E719256B43B0FBF3F3A4
:103D4C000133C3F30B0323B143F44043BEE7042315
:103D5C00BCE70123BAE700BFA08601007F841E00E8
:103D6C00FF083D0040420F002DE9F04F044685B09E
:103D7C001E460F469146FFF759FD94F83D30054617
:103D8C00202B03D0022005B0BDE8F08F0090192342
:103D9C00012220464849FFF713FF0028F2D194F87E
:103DAC003C30012BEED0012384F83C3023684FF0DB
:103DBC00010A1A68DFF800B1D20758BF1A6807F079
:103DCC00FE075CBF42F001021A601A6822F400621E
:103DDC001A60242384F83D3000232364A3F5803338
:103DEC00E36222684FF001111368204643F480739C
:103DFC001360334600220095FFF7E2FE08B1012064
:103E0C00C1E723684FF0A0081F61FFF70FFD0546BF
:103E1C0023685A695B69C2F34002C3F3802394F8A8
:103E2C003D10A02901D0134321D04FF02008236866
:103E3C0084F83D805A6912F0020F1A6842F400723D
:103E4C001A6024D0002203925A69204603929B697F
:103E5C0001220393039B184919230095FFF7B0FE29
:103E6C000028CCD184F83D8084F83C008BE7FFF728
:103E7C00DDFC401BB04200D80EB984F83D802368AD
:103E8C005A695B69C2F34002C3F38023C7E76FF43E
:103E9C00806259465A612046192301220095FFF78A
:103EAC008FFE0028ABD10AF1010ACA4599D384F8D8
:103EBC003D8084F83C00A2E702001000F7B5002416
:103ECC000094019490F83D40089D202C02D00220D3
:103EDC0003B0F0BD082D354F01D0012D1ED146F297
:103EEC00A8163C68B4FBF6F6192474430194019CA3
:103EFC00013C0194019C6CB92023046380F83D3093
:103F0C0080F83E40036C80F83C4043F0200303648F
:103F1C000120DDE70468A469A407E8D446F2A816DA
:103F2C003C68B4FBF6F6192474430194019C013CE3
:103F3C000194019C002CDFD004682668B705F5D4E9
:103F4C0090F83C60012EC2D02668F6075EBF26684A
:103F5C0046F001062660266826F4006626602126B7
:103F6C0080F83D60102680F83E600026066443858C
:103F7C00438DC56241640385036B42620093009BD1
:103F8C00112B05D1B5F52A0F02D0B5F12A4F03D16B
:103F9C00236843F480732360002380F83C3062680C
:103FAC00184642F4E062626092E700BF1C000020F9
:103FBC00F7B500240094019490F83D40089D202C06
:103FCC0002D0022003B0F0BD082D444F01D0012DCA
:103FDC001ED146F2A8163C68B4FBF6F619247443BD
:103FEC000194019C013C0194019C6CB92023046355
:103FFC0080F83D3080F83E40036C80F83C4043F044
:10400C00200303640120DDE70468A469A407E8D455
:10401C0046F2A8163C68B4FBF6F6192474430194D6
:10402C00019C013C0194019C002CDFD004682668A3
:10403C00B705F5D490F83C60012EC2D0012680F86B
:10404C003C602668F6075EBF266846F001062660CF
:10405C00266826F400662660222680F83D6010262D
:10406C0080F83E60002606644385438DC56241643A
:10407C000385036B42620093438D9BB2022B25D1C7
:10408C00202D01D0102D21D1009B122B23681ED185
:10409C004FF4407123F480632360236843F400637E
:1040AC002360009B122B05D1B5F52A0F02D0B5F178
:1040BC002A4F03D1236843F480732360002380F8D4
:1040CC003C30626818460A4362607BE7236843F41D
:1040DC0080634FF4E0612360E3E700BF1C00002025
:1040EC0037B590F83D4004F02804282C31D1002934
:1040FC002DD0002A2BD090F83C40012C29D00568FB
:10410C002C68E4075EBF2C6844F001042C602C681A
:10411C0024F400642C60292480F83D40202480F88D
:10412C003E40002404644285428DC36201946B6955
:10413C0041620193AB69028580F83C4020460193B3
:10414C00019B6B6843F4E0636B6003B030BD0120EE
:10415C00FBE70220F9E737B590F83D4004F028045E
:10416C00282C31D100292DD0002A2BD090F83C409E
:10417C00012C29D005682C68E4075EBF2C6844F03C
:10418C0001042C602C6824F400642C602A2480F830
:10419C003D40202480F83E40002404644285428D3A
:1041AC00C36201946B6941620193AB69028580F82B
:1041BC003C4020460193019B6B6843F4E0636B60C9
:1041CC0003B030BD0120FBE70220F9E790F83D3049
:1041DC00202B14D1282380F83D30036800201A6866
:1041EC00D2075EBF1A6842F001021A601A6842F4E4
:1041FC0080621A605A6842F440725A60704702201A
:10420C00704770477047704770477047002370B510
:10421C00406A026890F83D101468466B856B24F474
:10422C008064B362AB62146043851468736324F0DA
:10423C0001046B63146090F83D40C9B2602C08D146
:10424C00202280F83D2080F83E300364FFF7DDFF2C
:10425C0070BD01F0280128290DD1146844F0010427
:10426C001460146844F480641460036380F83D1097
:10427C00FEF7B6FCECE7202280F83D2080F83E30BB
:10428C00F6E7000010B590F83D2090F83E1004467B
:10429C0010290368D2B212D1222A10D1196821F444
:1042AC00006119605968090504D4602A1CBF2022DA
:1042BC0084F83D200022226384F83E2007E002F0BF
:1042CC0028012829EED10022226384F83D105A6877
:1042DC0012F400624CD05A68606B22F400625A608F
:1042EC0090F82130012B364B28D04363FFF736FB77
:1042FC0050B12268606B136823F001031360202314
:10430C0084F83D30436B984794F83D30226CDBB217
:10431C00520712D5282B10D122682046536823F45B
:10432C00E0635360274B2022E3620023236384F86D
:10433C003D2084F83E30FEF728FC10BDA06B436393
:10434C00FFF70CFB0028DFD023685A69520605D50D
:10435C001A69636A1A70636A013363622268A06B1C
:10436C00136823F001031360202384F83D30C9E760
:10437C0094F83D10602915D1202184F83D10226459
:10438C005A69500605D51A69636A1A70636A013353
:10439C00636222682046136823F001031360FFF761
:1043AC0034FFB1E75A69510605D51A69636A1A7068
:1043BC00636A013363622046FEF712FCA4E700BF78
:1043CC00194200080000FFFF70B5036804465A68E4
:1043DC00C16A90F83E5090F83D00102D8CB0EEB2B2
:1043EC00C0B202D0402E40F0B7829D695869C60712
:1043FC0007D4B1F52A0F02D0B1F12A4F52D10CB02B
:10440C0070BD91054ED5E26AB2F52A0F0CD101228E
:10441C00E26294F83E20402A11D1226D52B9626CAE
:10442C0002F0FE021A61EAE7E26AB2F12A4FF0D119
:10443C000822EDE7626C42F00102D2B2F2E7226987
:10444C00B2F5804F1BD194F83D20212A626C12D119
:10445C0002F0FE021A61626B12B9A16B0029CED078
:10446C00926A1AB9A26B926A002AC8D05A6842F4AE
:10447C0000625A60C3E742F00102D2B2EAE7226D51
:10448C0032B9626CD21102F0060242F0F002C9E7B6
:10449C00226D012AB3D1626CD21102F0060242F0F5
:1044AC00F102BFE7060703D5910501D5626CE4E77D
:1044BC00860740F1E680910540F1E38094F83E10C8
:1044CC00E26A256B94F83D00C9B2222840F0D180F5
:1044DC00206D40B9402906D100905A6900929B6921
:1044EC000093009B8BE7216D81B92069B0F5404F9B
:1044FC000CD101915A6901929A690192019A1A6838
:10450C0042F480721A60236D013328E0618D89B208
:10451C0051B902915A6902929A690292029A1A68E6
:10452C0042F400721A6019E0618D89B201294AD1F6
:10453C0012F5803F1CD11A6822F480621A605A6806
:10454C0012F400620DD01A6822F480621A60002204
:10455C0003925A6903929B690393039B002323657F
:10456C004DE704925A6904929A690492049AD6E728
:10457C00082A1CD0202A1AD0122D0DD1012A16D1AE
:10458C001A6822F480621A60002205925A69059218
:10459C009B690593059BE1E7102AF1D88F4921FA15
:1045AC0002F2D607ECD51A6842F48062EBE71A687F
:1045BC0022F480621A60002206925A6906929A6965
:1045CC000692069AABE7618D89B2022933D1102A83
:1045DC0005D88249D140C94311F0010120D0196896
:1045EC0041F400611960002107915969079199699B
:1045FC0007910799196821F48061196059680D05B4
:10460C00ACD512F5803F06D0511E1F29A6D8744A8E
:10461C00CA40D007A2D55A6842F480525A609DE72E
:10462C00186840F48060186008915969089199697C
:10463C0008910899E2E7196841F48061196059689A
:10464C0009050ED512F5803F07D0013A1F2A08D86C
:10465C00634921FA02F2D60703D55A6842F4805214
:10466C005A60002209925A6909929B690993099B25
:10467C0074E700220A925A690A929B690A930A9B70
:10468C00BDE66D07596840F1AD800E053FF5B7AE3C
:10469C000506C0F3800169D5500567D5002968D19E
:1046AC0094F83D20258D94F83E10D2B2E06AC9B240
:1046BC00C5B9212A18D1082878D0202876D010F531
:1046CC00803F73D05A6822F4E0625A60112323634E
:1046DC00002384F83E302023204684F83D30FFF739
:1046EC0090FD8CE6212A05D040297FF488AE222A41
:1046FC007FF485AE628D92B21AB95A6822F4806248
:10470C00B7E694F83E20402A26D1226D62B9E26CBD
:10471C00012AA26C04D1D2B21A61236D02331EE7B6
:10472C00C2F307221A61EEE6226D012A02D1A26CB5
:10473C00D2B2F7E7226D022A7FF461AE94F83D20E5
:10474C00222A04D11A6842F480721A6057E694F84F
:10475C003D20212A7FF453AE626A12F8011B1961C5
:10476C006262638D013B9BB2638548E600293FF48E
:10477C0046AE92057FF543AEE16A94F83D20212ABE
:10478C007FF43DAE628D92B2002AE5D108290DD09E
:10479C0020290BD011F5803F08D0596821F4E06135
:1047AC0059601123236384F83E2094E75A6820460D
:1047BC0022F4E0625A601A6842F400721A60002314
:1047CC002022236384F83D2094F83E2084F83E3068
:1047DC00402A84D1FFF717FD11E600BF1400010039
:1047EC00818000800E053FF50AAE4506C0F38001BE
:1047FC0048D5500546D5002947D194F83D20222AAA
:10480C007FF4FDAD628D92B2032A14D91A69636AE2
:10481C001A70636A01336362638D013B9BB26385DB
:10482C00638D9BB2032B7FF4EAAD2268536823F4AB
:10483C0080635360E3E5E06A02283FF4E0AD012AAF
:10484C003FF6DDAD1A6822F480621A605A6822F4D1
:10485C00E0625A601A69636A1A70636A01336362B0
:10486C00638D013B9BB26385202384F83D3094F823
:10487C003E3084F83E10402B68D121632046FFF770
:10488C00C3FCBCE500293FF4BAAD92057FF5B7AD8A
:10489C00E26A608D616A80B2042809D15A6822F4F8
:1048AC0080625A601B690B70636A0133636258E75C
:1048BC00608D80B203280CD15868042A20F48060E3
:1048CC005860EFD0022AEDD01A6822F480621A6088
:1048DC00E8E7608D80B20228E4D1012A01D0102AC9
:1048EC0028D11A6822F480621A601B690B70626A04
:1048FC00531C6362638D013B9BB2638523681B6908
:10490C005370636A226801336362638D013B9BB20F
:10491C006385536823F440735360202384F83D303F
:10492C0094F83E30402B4FF0000384F83E300DD10C
:10493C002363A3E7042A01D0022A03D11A6842F4A4
:10494C008062D1E71A6842F40072CDE71223204648
:10495C002363FFF757FC52E5216C11B3002559690D
:10496C008E0728D5960526D5226C02B19D6994F840
:10497C003D2002F02802282A16D15A686FEA9501C8
:10498C0022F480625A602B064FF00003204654BF7D
:10499C00A289228B01F0010184F83C30FEF7D1F89A
:1049AC002DE59D695969DBE76FF002025A6100231E
:1049BC0084F83C3023E5CE0640F1B180950540F1FA
:1049CC00AE8094F83D505A68EDB222F4E0625A6021
:1049DC0000220B925A690B921A6842F001021A607B
:1049EC000B9A1A6822F480621A605A68120520D554
:1049FC0005F0F702222A4AD1A06B0268526892B2E3
:104A0C006285628D92B21AB1226C42F00402226469
:104A1C005A6822F400625A60FEF7E6FF012808D0BB
:104A2C00A06B794B4363FEF799FF10B1A06B436BFE
:104A3C009847638D9BB213B323685A69560709D5FF
:104A4C001A69636A1A70636A01336362638D013B8E
:104A5C009BB2638523685A69500609D51A69636A43
:104A6C001A70636A01336362638D013B9BB2638589
:104A7C00638D9BB21BB1236C43F004032364236C42
:104A8C0013B320460CB0BDE87040FFF7FBBB606B66
:104A9C000268526892B26285628D92B21AB1226C2F
:104AAC0042F0040222645A6822F400625A60FEF753
:104ABC009BFF0128BDD0606B534B4363FEF74EFF49
:104ACC000028B6D0606BB2E72A2D06D123632823C9
:104ADC00204684F83D30FEF76DF894F83D30282BD5
:104AEC000CD14A4B2022E36200232046236384F836
:104AFC003D2084F83E30FEF748F880E4236B222BEF
:104B0C0002D0222D7FF47BAC00232022236384F877
:104B1C003D2084F83E302046FEF74CF86FE400F060
:104B2C00F7002128C1F3800535D1090627D5560594
:104B3C0025D53DBB94F83D10628DC9B292B2002AC6
:104B4C003FF45DAC626A12F8015B1D616262628DBA
:104B5C00013A92B26285628D92B2002A7FF44FAC18
:104B6C0029297FF44CAC5A6822F480625A602823BD
:104B7C002063204684F83D30FEF72EF83FE4002DEC
:104B8C003FF43DAC95057FF53AAC628D92B2002AAC
:104B9C003FF435ACE0E5480627D5510525D53DBB9E
:104BAC0094F83D20618DD2B289B200293FF427AC34
:104BBC001969636A1970636A01336362638D013B1F
:104BCC009BB26385638D9BB2002B7FF418AC2A2AB1
:104BDC007FF415AC2268536823F48063536022235E
:104BEC002363282384F83D3095E7002D3FF407AC70
:104BFC0092057FF504AC628D92B2002A3FF4FFABB4
:104C0C001A69636A1A704FE6194200080000FFFF28
:104C1C00F8B5036804465F695E68FA05C7F30025BA
:104C2C000BD5F005C6F3002507D56FF4807201256E
:104C3C005A611A6842F400421A60B90506D5F205A9
:104C4C0042BF6FF4007245F002055A61780537D502
:104C5C00F10535D594F83EC0618D94F83D20BCF13A
:104C6C00200F206B89B2D2B25AD1002958D102F050
:104C7C00F701212903D0282A52D1212850D194F8A8
:104C8C003D20E16AD2B2082901D020292AD1282A54
:104C9C0028D12C4A2046E2625A6822F4E0625A601B
:104CAC006FF480625A611A6822F480621A600023E1
:104CBC002022236384F83D2084F83E30FDF765FF05
:104CCC003A053BD5F30539D56FF40062236845F0FE
:104CDC0008055A61236C20461D432564BDE8F84045
:104CEC00FFF7D0BA212A17D116492046E162226378
:104CFC00202284F83D20002284F83E205A6822F4B9
:104D0C00E0625A606FF480625A611A6822F4806221
:104D1C001A60FDF761FFD3E76FF480625A61CFE749
:104D2C006FF480625A6194F83E2045F00405102A15
:104D3C0002BF1A6842F400721A60C1E7002DC9D193
:104D4C00F8BD00BF0000FFFF90F83D007047006CFD
:104D5C00704700002DE9F341054638B30368DB07C3
:104D6C0010D42B689F075ED42B68190700F195802F
:104D7C002B685A0700F1BF80E869002840F02C81AD
:104D8C00002029E08F4C636803F00C03042B07D040
:104D9C00636803F00C03082B0AD16368DE0307D5A4
:104DAC0023689C03DDD56B68002BDAD1012013E05E
:104DBC006B68B3F5803F12D1236843F480332360D2
:104DCC00FEF734FD064623689803CAD4FEF72EFD81
:104DDC00801B6428F7D9032002B0BDE8F0819BB991
:104DEC00236823F480332360236823F48023236017
:104DFC00FEF71CFD064623689903B2D5FEF716FD97
:104E0C00801B6428F7D9E6E7B3F5A02F236803D1FC
:104E1C0043F480232360CFE723F48033236023689B
:104E2C0023F48023CBE7674C636813F00C0F07D097
:104E3C00636803F00C03082B10D16368DA030DD4FC
:104E4C0023689B0702D52B69012BAFD123686A69B4
:104E5C0023F0F80343EAC203236085E72A695A4B1F
:104E6C006AB101221A60FEF7E1FC064623689F072F
:104E7C00ECD4FEF7DBFC801B0228F7D9ABE71A60F9
:104E8C00FEF7D4FC0646236898077FF56DAFFEF756
:104E9C00CDFC801B0228F6D99DE7AA69494E4B4BE5
:104EAC00DAB101221A60FEF7C1FC0446736A9B0753
:104EBC000DD54FF4FA52464B1B68B3FBF2F301933A
:104ECC0000BF019B5A1E0192002BF9D150E7FEF74F
:104EDC00ADFC001B0228E9D97DE71A60FEF7A6FCA1
:104EEC000446736A9F077FF543AFFEF79FFC001BD8
:104EFC000228F6D96FE7334CE369D80024D4012794
:104F0C00E36943F08053E361E36903F0805300935A
:104F1C00009B304E3368D90518D5EB68012B26D190
:104F2C00236A43F001032362FEF780FC41F28838C8
:104F3C000646236A9B073FD5002F3FF41DAFE3695C
:104F4C0023F08053E36117E70027E2E7336843F46B
:104F5C0080733360FEF76AFC80463368DA05DCD474
:104F6C00FEF764FCA0EB08006428F6D933E7ABB974
:104F7C00236A41F2883823F001032362236A23F069
:104F8C0004032362FEF752FC0646236A9807D3D526
:104F9C00FEF74CFC801B4045F7D91CE7052B236A18
:104FAC0003D143F004032362BAE723F00103236225
:104FBC00236A23F00403B6E7FEF738FC801B404558
:104FCC00B7D908E700100240000042428004424278
:104FDC001C000020007000402A4B5A681C4602F04E
:104FEC000C02082A3DD00023274E022833602BD117
:104FFC00FEF71CFC0746236899011FD42B6AB3F5F6
:10500C00803F05D16268A96822F400320A436260CD
:10501C00696A62680B4322F47412134363600123C0
:10502C003360FEF703FC054623689A013FF5A8AEF2
:10503C00FEF7FCFB401B0228F6D9CCE6FEF7F6FB8C
:10504C00C01B0228D7D9C6E6FEF7F0FB054623683D
:10505C009B017FF595AEFEF7E9FB401B0228F6D9C4
:10506C00B9E601283FF4B8AE5B682A6A03F48031D4
:10507C0091427FF49BAE6A6A03F4701393423FF43F
:10508C007FAE93E6001002406000424230B5184BF0
:10509C0087B002AC03F11005224618685968083332
:1050AC0003C2AB421446F7D140F201231149ADF8CB
:1050BC0004304B6803F00C02082A17D1C3F3834267
:1050CC0006A80244DB0312F8102C0CD54B680A48D6
:1050DC00C3F34043504306AA134413F8143CB0FBEB
:1050EC00F3F007B030BD05485043FAE70248F8E743
:1050FC00E78400080010024000127A0000093D000D
:10510C002DE9F0410D46044610B90120BDE8F081AF
:10511C00444A136803F007038B4228D321688E0797
:10512C0030D4CA0743D43F4A136803F00703AB4299
:10513C0065D822683C4D12F0040F6CD1130706D5CC
:10514C006B68226923F4605343EAC2036B60FFF778
:10515C009DFF6B68354AC3F30313D35CD840344BC3
:10516C001860344B1868FEF71FFB0020CEE713685D
:10517C0023F007030B431360136803F007038B4200
:10518C00C3D1CBE7284B11F0040F1EBF5A6842F471
:10519C00E0625A60080742BF5A6842F460525A6093
:1051AC005A68A06822F0F00202435A60B9E76268BC
:1051BC001D4E012A33681AD113F4003FA5D0736831
:1051CC0041F2883823F0030313437360FEF72EFB80
:1051DC0007467368626803F00C03B3EB820FA2D02E
:1051EC00FEF724FBC01B4045F3D903208EE7022AAF
:1051FC0002D113F0007FE1E713F0020FDEE7136832
:10520C0023F007032B431360136803F00703AB422F
:10521C007FF47BAF8DE76B68E16823F4E0630B43AD
:10522C006B608BE70020024000100240AC85000848
:10523C001C00002004000020044B054A5B68C3F3EB
:10524C000223D35C034A1068D84070470010024018
:10525C00BC8500081C000020044B054A5B68C3F3A6
:10526C00C223D35C034A1068D84070470010024038
:10527C00BC8500081C0000200F2303600B4B5A68F0
:10528C0002F0030242605A6802F0F00282605A682F
:10529C0002F4E062C2605B68DB0803F4E063036164
:1052AC00034B1B6803F007030B60704700100240B0
:1052BC000020024003682DE9F341D907054620D5AB
:1052CC00354CE369DA0032D40127E36943F08053AB
:1052DC00E361E36903F080530193019B2F4E336824
:1052EC00DB0526D5236A13F4407336D1236A6A682A
:1052FC0023F44073134323621FB1E36923F08053FB
:10530C00E3612868830706D52349AB684A6822F411
:10531C0040421A434A6010F010001BD01E4AE96844
:10532C005368002023F480030B43536012E00027E2
:10533C00D4E7336843F480733360FEF777FA804622
:10534C003368D805CED4FEF771FAA0EB08006428B8
:10535C00F6D9032002B0BDE8F0816A6802F440720D
:10536C009A42C3D001200E4A236A1060002023F415
:10537C00407110602162D907B8D5FEF757FA41F297
:10538C0088380646236A9A07B0D4FEF74FFA801B7A
:10539C004045F7D9DDE700BF001002400070004027
:1053AC0040044242036810B51A680446920708D5B7
:1053BC005B689B0705D501F0FFF96FF002022368CB
:1053CC005A604FF40032024B5A610123637410BDD2
:1053DC0000040140036A70B523F001030362036A01
:1053EC00446882690D6822F073022A438D6823F0A9
:1053FC0002032B430A4DA8420BD1CD6823F00803BE
:10540C002B4324F44074D1E90556354323F00403AF
:10541C002C43446082614A684263036270BD00BFE2
:10542C00002C0140036A70B523F480730362036A95
:10543C004468C2690D6822F073022A438D6823F414
:10544C00007343EA05230B4DA8420DD1CD6823F41C
:10545C00006343EA052324F44054D1E9055635434F
:10546C0023F4806344EA05144460C2614A68C26351
:10547C00036270BD002C0140036A30B523F48053E5
:10548C000362036A4468C2690D6822F4E64242EA88
:10549C0005228D6823F4005343EA0533064DA842D8
:1054AC0002BF4D6924F4804444EA85144460C2610F
:1054BC004A680264036230BD002C0140022380F86C
:1054CC003D3003689A6802F00702062A1EBF1A686C
:1054DC0042F001021A60012380F83D300020704731
:1054EC0070477047036810B51A69044691070ED5CA
:1054FC00DA6892070BD56FF002021A61012202776B
:10550C009B699B0777D002F069F900232377236806
:10551C001A69500710D5DA6851070DD56FF00402DF
:10552C001A61022222779B69204613F4407F68D0CF
:10553C0002F054F90023237723681A6912070FD558
:10554C00DA6810070CD56FF008021A610422227772
:10555C00DB69204699075AD002F040F900232377E3
:10556C0023681A69D20610D5DA68D0060DD56FF00B
:10557C0010021A6108222277DB69204613F4407F5F
:10558C004BD002F02BF90023237723681A69D1073B
:10559C0008D5DA68D20705D56FF0010220461A61EA
:1055AC0002F0F0F823681A69100608D5DA681106BB
:1055BC0005D56FF0800220461A6100F058FA236876
:1055CC001A69520608D5DA68500605D56FF0400204
:1055DC0020461A61FFF785FF23681A69910622D5C8
:1055EC00DA6892061FD56FF020022046BDE8104005
:1055FC001A6100F03BBA02F0EFF82046FFF770FF9B
:10560C0083E702F0E9F82046FFF76AFF92E702F021
:10561C00E3F82046FFF764FFA0E702F0DDF8204630
:10562C00FFF75EFFAFE710BD1A4A036890420AD03D
:10563C00B0F1804F07D0A2F59432904203D002F51E
:10564C008062904215D14A6823F070031343114ACB
:10565C0090420AD0B0F1804F07D0A2F5943290421C
:10566C0003D002F58062904203D1CA6823F44073E0
:10567C0013434A6923F08003134303608B68C362AE
:10568C000B688362034B984204BF0B6903630123CD
:10569C0043617047002C014010B50446A0B190F84E
:1056AC003D3003F0FF021BB980F83C2001F07EF97D
:1056BC000223206884F83D30211DFFF7B5FF01233C
:1056CC00002084F83D3010BD0120FCE7036A70B562
:1056DC0023F010030362036A446882690D6822F4A4
:1056EC00E64242EA05228D6823F0200343EA0513C3
:1056FC000B4DA8420DD1CD6823F0800343EA05136E
:10570C0024F44064D1E90556354323F0400344EAC0
:10571C008504446082614A688263036270BD00BF85
:10572C00002C014010B590F83C300446012B4FF092
:10573C00020010D00123082A84F83C3084F83D0084
:10574C0018D009D872B1042A10D00123002084F893
:10575C003D3084F83C0010BD0C2AF6D12068FFF7D0
:10576C008BFEF2E72068FFF735FEEEE72068FFF7C7
:10577C00ADFFEAE72068FFF755FEE6E738B590F88D
:10578C003C300446012B4FF0020010D00123082AB4
:10579C0084F83C3084F83D003FD009D8DAB1042AB3
:1057AC002AD00123002084F83D3084F83C0038BD19
:1057BC000C2AF6D12068FFF75FFE23680969DA69C5
:1057CC0042F40062DA61DA6922F48062DA61DA6941
:1057DC0042EA012230E02068FFF7FCFD23680969EA
:1057EC009A6942F008029A619A6922F004029A615D
:1057FC009A690A439A61D4E72068FFF767FF236828
:10580C0009699A6942F400629A619A6922F4806289
:10581C009A619A6942EA0122ECE72068FFF702FEDE
:10582C0023680969DA6942F00802DA61DA6922F060
:10583C000402DA61DA690A43DA61B2E770B5046A24
:10584C00124E24F001040462B0428469056A19D036
:10585C00B0F1804F16D0A6F59436B04212D006F5B2
:10586C008066B0420ED044F001021B0122F0F0021F
:10587C00DBB2134301F00A0125F00A0211438361E4
:10588C00016270BD24F003042243EEE7002C0140BA
:10589C00F8B590F83C300446012B0E4615464FF0F7
:1058AC00020019D0012384F83D0084F83C302068B4
:1058BC00F36806C98DB9FFF7C1FF2368B1689A690F
:1058CC0022F00C029A619A690A439A610123002022
:1058DC0084F83D3084F83C00F8BD042DB66822D124
:1058EC00056A090125F0100505628769D0F820E0EA
:1058FC0027F4407C1D034CEA022C2CF4704CADB206
:10590C002EF0A00E01F0A00145EA0C0541EA0E01B3
:10591C0085610162836923F440638361836943EA8F
:10592C0006268661D2E7082D056A1CD125F4807500
:10593C000562C769056A27F0030717431B010902B3
:10594C00DBB227F0F00725F4007501F400711F435A
:10595C002943C7610162C36923F00C03C361C369A6
:10596C001E43C661B2E725F480550562C569076A16
:10597C0025F4407545EA02251B03090325F47045FF
:10598C009BB227F4005701F400512B433943C361F8
:10599C000162C36923F44063C361C36943EA062609
:1059AC00DFE710B50124036A01F01F018C4023EAE4
:1059BC0004030362036A8A401A43026210BD0000AA
:1059CC0010B5044601220068FFF7EBFF2368094A73
:1059DC000020934202BF5A6C42F400425A649A6807
:1059EC0002F00702062A1EBF1A6842F001021A6072
:1059FC0010BD00BF002C0140FFF7E2BF10B50446FC
:105A0C0001220068FFF7CDFF236800209A6802F09E
:105A1C000702062A1EBF1A6842F001021A6010BD66
:105A2C0010B50424036A01F01F018C4023EA04031F
:105A3C000362036A8A401A43026210BD10B5044621
:105A4C0004220068FFF7ECFF236800205A6C42F434
:105A5C0000425A649A6802F00702062A1EBF1A68AE
:105A6C0042F001021A6010BDFFF7E8BF70477047A3
:105A7C000368DA6822F49072DA605A6922F0010243
:105A8C005A61202380F83A307047000038B505463B
:105A9C000368C1681A69192422F440520A431A6136
:105AAC0082680069D9680243686921F4B05121F019
:105ABC000C0102430A43DA605A69A96922F4407264
:105ACC000A435A610D4A934214D1FFF7C5FB444374
:105ADC006B6864229B00B4FBF3F4B4FBF2F102FBA1
:105AEC0011431B013233B3FBF2F3286803EB0113B0
:105AFC00836038BDFFF7A0FBE9E700BF0038014029
:105B0C00704710B5044640B390F8393003F0FF02EB
:105B1C001BB980F83820FFF7F3FF2423226884F8A0
:105B2C003930D368204623F40053D360FFF7AEFF1F
:105B3C00236800201A6922F490421A615A6922F0F3
:105B4C002A025A61DA6842F40052DA602023E063D8
:105B5C0084F8393084F83A3010BD0120FCE710B5D8
:105B6C00044660B390F8393003F0FF021BB980F89B
:105B7C003820FFF7C5FF2423226884F83930D36816
:105B8C00204623F40053D360FFF780FF23680020E6
:105B9C001A6922F490421A615A6922F022025A615F
:105BAC005A6942F008025A61DA6842F40052DA602B
:105BBC002023E06384F8393084F83A3010BD01209A
:105BCC00FCE790F83930202B18D1A9B1A2B190F88C
:105BDC003830012B12D0C28400238284212201622E
:105BEC000168C36380F8383080F83920CA681846D9
:105BFC0042F08002CA607047012070470220704753
:105C0C0090F83A30202B20D1E9B1E2B190F838303D
:105C1C00012B1AD0C285828500232222C36380F80F
:105C2C003A20026880F838308162D168184641F415
:105C3C008071D160516941F001015161D16841F02D
:105C4C002001D1607047012070470220704710B5C9
:105C5C0090F83A30222B33D181680469B1F5805F1A
:105C6C00836A026823D15268ECB9C2F3080223F8A4
:105C7C00022B8362C48D013CA4B2C4858CB9036829
:105C8C00DA6822F02002DA60DA6822F48072DA60D4
:105C9C005A6922F001025A61202380F83A3001F04F
:105CAC001FF800200DE0D2B223F8012BE1E7591CBC
:105CBC00526881620CB91A70DCE702F07F02FAE7D5
:105CCC00022010BD036870B51A6804461607D9681F
:105CDC005D6907D1960659D58D0657D5BDE870403C
:105CEC00FFF7B5BF05F0010001F4907505434DD0E9
:105CFC00D60705D5CD0542BFE36B43F00103E36343
:105D0C00530704D518B1E36B43F00203E363960722
:105D1C0004D518B1E36B43F00403E363150704D512
:105D2C0018B1E36B43F00803E363E36B4BB39006EA
:105D3C0004D5890602D52046FFF789FF2368204643
:105D4C005B69E56B03F0400305F008051D4319D0B2
:105D5C00FFF78EFE23685A6952060FD55A69606B9D
:105D6C0022F040025A6148B1254B4363FDF7F6FD22
:105D7C0038B1606BBDE87040436B1847204600F0AB
:105D8C00C5FF70BD00F0C2FFE563FAE7160628D523
:105D9C000D0626D594F83920212AF2D1A168226A61
:105DAC00B1F5805F18D11188C1F3080159602169E0
:105DBC0081B902322262E28C013A92B2E284002A68
:105DCC00DFD1DA6822F08002DA60DA6842F0400251
:105DDC00DA60D6E70132EDE7511C216212785A6085
:105DEC00E9E75006CDD54A06CBD5DA68204622F035
:105DFC004002DA60202384F8393000F074FFC0E7E9
:105E0C00115E000808B50023406AC385C38400F006
:105E1C007DFF08BD90F83830012B11D02423026887
:105E2C0080F83930D36823F00C0343F00803D360B7
:105E3C00202380F83930002380F83830184670471A
:105E4C000220704790F83830012B11D024230268BF
:105E5C0080F83930D36823F00C0343F00403D3608B
:105E6C00202380F83930002380F8383018467047EA
:105E7C000220704790F8392090F83A001043704790
:105E8C0086B0042841D8DFE800F003101C28340049
:105E9C001F4B20489A6942F004029A619B6903F0F7
:105EAC0004030193019B06B07047194B1A489A6979
:105EBC0042F008029A619B6903F008030293029B6B
:105ECC00F1E7134B15489A6942F010029A619B69ED
:105EDC0003F010030393039BE5E70D4B10489A69FD
:105EEC0042F020029A619B6903F020030493049B07
:105EFC00D9E7074B0B489A6942F040029A619B69BB
:105F0C0003F040030593059BCDE70020CBE700BFD2
:105F1C000010024000080140000C0140001001403C
:105F2C00001401400018014008B5064900F034FC8B
:105F3C00C0F3C430831E022B96BF800000200438AF
:105F4C0008BD00BF588600082DE9F84F8946244942
:105F5C0098461746064600F0FBFB01F083FA214CED
:105F6C00054654F820307BB91D49304600F0F0FB53
:105F7C008346A82001F06EFE8246594601F0AEFA27
:105F8C0054F82530C3F800A054F825301449304695
:105F9C001C6800F001FCC0F3C4352946204601F012
:105FAC0059FA0528824605D0334605222946204653
:105FBC0001F09AF902224946204601F019FB4346AA
:105FCC003A462946204601F035FBBAF1050F04D0BC
:105FDC002046BDE8F84F01F065B9BDE8F88F00BF69
:105FEC0058860008B4040020F8B51449064600F0A1
:105FFC00AFFB01F037FA124C054654F8203073B958
:10600C000E49304600F0A4FB0746A82001F022FE02
:10601C000646394601F062FA54F825301E6054F8F1
:10602C0025301C6844B1204601F038FA2046BDE802
:10603C00F840A82101F010BEF8BD00BF588600083A
:10604C00B4040020FDF7F2BB704708B5FDF7E2FB86
:10605C00FDF77FFCFFF7F8FF08BD00000B4BDA687B
:10606C00D2015EBFDA6842F08072DA600022084B1F
:10607C005A601A6842F001021A6000BF00BF00BFEC
:10608C005868B0FA80F04009704700BFF0ED00E0AE
:10609C00001000E008B5FFF7E1FFFDF7A9FBBDE834
:1060AC00084000F0C1BE03681847012A03D0022A39
:1060BC0003D0002070470160FBE70B680360F8E732
:1060CC00836810B5044613B1032201469847204655
:1060DC0010BD00000023012803F1010202D0134679
:1060EC004008F8E71421DBB24B43044A181D104456
:1060FC00816811B11A441369184770474C0200208B
:10610C000120FDF751BD0220FDF74EBD0420FDF727
:10611C004BBD0820FDF748BD1020FDF745BD38B537
:10612C0005242025A8B2FDF73FFD013C4FEA4505AB
:10613C00F8D138BD38B506244FF48065A8B2FDF708
:10614C0033FD013C4FEA4505F8D138BD38B5002385
:10615C0083608B6804460D462BB102229847EB688E
:10616C00E360AB68A360204638BD00002DE9F04128
:10617C00164600250A468AB0012A05F1010402D010
:10618C0025465208F8E7CDE902130023FF2998BFF2
:10619C0002461F461C464FF0010C88BF021D0CFA2C
:1061AC0003FE714505D11F46FF294FEA830488BFC2
:1061BC00203C0133102BF2D10F231268A340134063
:1061CC00082202FA04F4A34243D10122C16802FA64
:1061DC0007F38B433AD10492032302A90593FDF7ED
:1061EC0007FC142306AC31462046EDB25D43FFF7A5
:1061FC00ADFF94E803006A46174F82E803007B1951
:10620C00043393E8030084E8030092E8030083E876
:10621C00030005F10408089BB844D8F80820C8F816
:10622C000830099B0892D8F80C202046C8F80C308E
:10623C000992FFF745FF002206217857FDF70EFB68
:10624C007857FDF73DFB0AB0BDE8F08102230493BB
:10625C00C2E70023FBE700BF4C0200200721204BC4
:10626C0006221975082183F82810092183F83C109F
:10627C000A2183F8501017211A7083F86410002239
:10628C0083F8781083F88C1083F8A01083F8B4107E
:10629C002821DA601A625A639A64DA651A67C3F8BD
:1062AC008420C3F89820C3F8AC20C3F8C02083F82E
:1062BC00C810C3F8D42083F8DC10C3F8E82083F8A6
:1062CC00F010C3F8FC2083F80411C3F8102183F8F4
:1062DC001811C3F8242183F82C11C3F83821704706
:1062EC004C02002038B5054CA4F5A075143C201DBB
:1062FC00FFF7E6FEAC42F9D138BD00BF8C0300209D
:10630C007B4B82B09A69013842F001029A619B6919
:10631C0003F001030193019B23282CD8DFE810F034
:10632C0024002D0034003B00400047004C0053007B
:10633C0058005F0068006D0074007D0082008900C9
:10634C0092009B00A000A700B000B500BC002B0081
:10635C002B002B00C100C8002B002B002B002B00A6
:10636C00CD00D200D900E000624A536843F0E063EC
:10637C0043F00103536002B070475E4A536823F048
:10638C00010343F0E063F5E75A4A536843F0E063D6
:10639C0043F00203EEE7574A536823F00203F0E799
:1063AC00544A536843F0E06343F00403E2E7514A74
:1063BC00536823F00403E4E74E4A536843F0E06368
:1063CC0043F00803D6E74B4A536823F00803D8E799
:1063DC00484A536843F0E06343F03003CAE7454A48
:1063EC00536823F0300343F0E06343F01003C1E73C
:1063FC00404A536823F03003C3E73E4A536843F0E6
:10640C00E06343F0C003B5E73A4A536823F0C00396
:10641C0043F0E06343F04003ACE7364A536823F0A3
:10642C00C003AEE7334A536843F0E06343F4407370
:10643C00A0E7304A536823F4407343F0E06343F41D
:10644C00007397E72B4A536823F4407343F0E063DF
:10645C0043F480738EE7274A536823F4407390E724
:10646C00244A536843F0E06343F4406382E7214AD3
:10647C00536823F4406343F0E06343F4006379E72B
:10648C001C4A536823F440637BE71A4A536843F071
:10649C00E06343F480536DE7164A536823F480534A
:1064AC006FE7144A536843F0E06343F4004361E739
:1064BC00104A536823F4004363E70E4A536823F0F1
:1064CC00E06357E70B4A536823F0E06343F08073B3
:1064DC0050E7084A536823F0E06343F0007349E740
:1064EC00044A536823F0E06343F0806342E700BF43
:1064FC00001002400000014070B50D0E445991FA95
:10650C00A1F3B3FA83F30F269B0006FA03F324EAF4
:10651C00030491FAA1F1B1FA81F1890002FA01F1B7
:10652C002143415170BD70B50D0E445991FAA1F340
:10653C00B3FA83F304269B0006FA03F324EA03045C
:10654C0091FAA1F1B1FA81F1890002FA01F121432A
:10655C00415170BD431C04D00C3131F90C3C5A1C18
:10656C0001D100207047834201F10C01F5D10120CB
:10657C0070470000624B2DE9F74F00F00F0253F803
:10658C002250431C07460E4601F00709C1F3062BA7
:10659C00C0F303141FFA80F803D14821594800F0C6
:1065AC001DF92046FFF76CFCB9F1010F04464FEAC8
:1065BC00156A45D150F80A1095FAA5F2B2FA82F292
:1065CC000323920003FA02F221EA020295FAA5F0E3
:1065DC00B0FA80F0800083401343012244F80A3063
:1065EC002946204609F1FF39FFF786FFB9F1010F63
:1065FC0006D816F0080218BF04222946FFF793FFAD
:10660C0054F80A10C6F3011695FAA5F2B2FA82F301
:10661C009A000F2393400B4095FAA5F2B2FA82F23E
:10662C00012E4FEA820223FA02F322D0022E4BD023
:10663C00082B31D1042229462046FFF75DFF2BE0C1
:10664C00B9F1030F0DD8DFE809F002120710584614
:10665C00FFF756FE0822C3E75846FFF751FE092202
:10666C00BEE78D21274800F0B9F80022B8E74A466A
:10667C00B6E7042B04D1082229462046FFF73CFF3D
:10668C00E2682B0A22EA152293FAA3F5B5FA85F3F0
:10669C0001259D401543E5601B4B9A6942F00102B0
:1066AC009A619B6903F001030193019BA8F10D030F
:1066BC00012B17D8154A536823F0E06343F080632D
:1066CC00536003B0BDE8F08F042B04D10822294697
:1066DC002046FFF711FFE3682A0A23EA152592FAF0
:1066EC00A2F2D8E70F2F04D0A8F11308B8F1010FCC
:1066FC00E7D8064A536823F0E06343F00073DFE702
:10670C006C850008F884000800100240000001406D
:10671C00431C06D17047834202D18968FFF72ABF18
:10672C000C31B1F900305A1CF5D1B921014800F0F7
:10673C0055B800BFF8840008B1F900305A1C01D1DB
:10674C0000207047834201D1486870470C31F3E751
:10675C00431C01D0FFF7F0BF002070474B6813B902
:10676C004FF0FF307047834202D1B1F900007047FF
:10677C000C31F3E708B1FFF7F1BF4FF0FF30704772
:10678C000346B1F90000421C00D17047984201D178
:10679C00886870470C31F4E7431C01D0FFF7F0BF59
:1067AC00704703468B42084604D01BB100290CBF2E
:1067BC001846002070470000034B1B6813B1034AB6
:1067CC0010681847704700BF8C030020A4030020FA
:1067DC000148FEF7E7BD00BF90030020FEE7000074
:1067EC000F4B1A6842F001021A6059680D4A0A40B0
:1067FC005A601A6822F0847222F480321A601A6885
:10680C0022F480221A605A6822F4FE025A604FF475
:10681C001F029A604FF00062034B9A60704700BFF2
:10682C00001002400000FFF800ED00E00438704753
:10683C0003681D4A84B093420BD11C4B9A6942F4F5
:10684C0000629A619B6903F400630093009B04B09F
:10685C007047B3F1804F10D0154A934218D0154AA7
:10686C009342F4D1114BDA6942F00402DA61DB692C
:10687C0003F004030393039BE9E70C4BDA6942F042
:10688C000102DA61DB6903F001030193019BDEE78E
:10689C00064BDA6942F00202DA61DB6903F00203AB
:1068AC000293029BD3E700BF002C01400010024072
:1068BC0000040040000800400368124A934206D1CD
:1068CC0002F56442936923F4006393617047B3F15A
:1068DC00804F06D00C4A934209D00C4A93420BD0FD
:1068EC0070470B4AD36923F00103D3617047084A00
:1068FC00D36923F00203F8E7054AD36923F00403B4
:10690C00F3E700BF002C01400004004000080040E9
:10691C000010024008B5431C01460DD00D4B9842A7
:10692C0012D00CD8B0F1804F10D0A3F580639842F0
:10693C000ED00948FFF752FF6FF00D0008BD074B52
:10694C009842F6D11920F9E71E20F7E71C20F5E74D
:10695C001D20F3E700080040C4850008002C01400E
:10696C0008B5431C01460DD00D4B984212D00CD8E3
:10697C00B0F1804F10D0A3F5806398420ED0094837
:10698C00FFF72CFF6FF00D0008BD074B9842F6D1B6
:10699C001B20F9E71E20F7E71C20F5E71D20F3E785
:1069AC0000080040C4850008002C014038B504469E
:1069BC00FFF73EFF0068FFF7ADFFD4E91012FCF7BC
:1069CC004DFF2068FFF7A6FFFCF77AFF2068FFF762
:1069DC00C7FF05462068FFF79DFF85420DD0206854
:1069EC00FFF7BEFFD4E91012FCF738FF2068FFF761
:1069FC00B7FFBDE83840FCF763BF38BD08B5431C92
:106A0C0001460FD00A4B98420ED008D8A3F592330A
:106A1C0098420BD020F48063B3F1804F06D0054828
:106A2C00FFF7DCFE002008BD0220FCE70120FAE79E
:106A3C00002C0140DC8500082DE9FF4704468946FF
:106A4C00B0F94C00484990461F46DDF830A0FFF7DE
:106A5C007FFE46490546B4F94E00FFF779FE06461F
:106A6C00002D7ED0B4F94E30013301D0002878D0FF
:106A7C0031462846FFF795FE2060002871D03C4B2C
:106A8C00984238D103F55843DA6842F48042DA6010
:106A9C00DA6822F48042DA609A6942F480429A61A0
:106AAC009B6903F480430193019B2523A4F8503088
:106ABC002D49B4F94C00FFF72BFE26B12B49B4F944
:106ACC004E00FFF725FE94F851202A4B201D43F869
:106ADC00220023680C22C4E901390023C4E9038A8B
:106AEC00C4E9062367612362002E35D104B0BDE8EA
:106AFC00F047FFF734B8204B984215D103F5E63335
:106B0C001A6942F400321A611A6922F400321A61CD
:106B1C00DA6942F40032DA61DB6903F40033029380
:106B2C00029B4FF49373C1E7144B9842C0D1144DA0
:106B3C002B6943F480232B612B6923F480232B6175
:106B4C00EB6943F48023EB61EB6903F4802303933B
:106B5C00039B40F22723A9E704B0BDE8F047FEF7FA
:106B6C00D0BF04B0BDE8F087CC8700089087000840
:106B7C0000380140A80300200044004000480040B9
:106B8C000010024008B1FFF757BF704708B5074B1C
:106B9C0090F8512053F82200FFF76CF900F0220016
:106BAC00A0F122035842584108BD00BFA8030020A1
:106BBC0008B5074B90F8512053F82200FFF75AF90B
:106BCC0000F02100A0F121035842584108BD00BF3C
:106BDC00A803002070B50E46054610B94FF0FF30E3
:106BEC0070BDFFF7D3FF04460028F7D1294611F8F2
:106BFC00523F0122337095F85100034B53F820009B
:106C0C00FEF7FEFF2046EBE7A803002070B50E460A
:106C1C000446F0B1FFF7BAFF0546D0B994F950001D
:106C2C006664FCF75BFE94F851000A4B04F15201C8
:106C3C00012253F82000FEF7E3FF94F950002A4696
:106C4C000121FCF70BFE94F95000BDE87040FCF7F5
:106C5C0037BE70BDA803002010B50446E8B18164AE
:106C6C0090F95000FCF73AFEB4F86230A16D9BB27B
:106C7C0094F851001944094B012253F82000FEF7F7
:106C8C00A0FF94F9500000220121FCF7E7FD94F9D4
:106C9C005000BDE81040FCF713BE10BDA803002047
:106CAC0050B1B0F94E30013306D190F85120034B5E
:106CBC0053F82200FFF7AEB8704700BFA8030020BE
:106CCC0050B1B0F94E30013306D190F85120034B3E
:106CDC0053F82200FFF7B6B8704700BFA803002096
:106CEC00036C0438184710B5436C044604389847B5
:106CFC0001300AD0B4F85E30616D9BB22046BDE81D
:106D0C00104001221944FEF75CBF10BD1FB503688B
:106D1C000446186810F0010013D0002200921A6883
:106D2C0000925B680093009B201FFFF72FFF40BB76
:106D3C000122204604F14E0104B0BDE81040FEF7DC
:106D4C005FBF196811F0020106D001901A68019218
:106D5C005B680193019BE7E71A6812F0040206D006
:106D6C0002911A6802925B680293029BDCE7196835
:106D7C000907D9D503921A6803925B680393039BA6
:106D8C00D2E704B010BD000008B52520FCF7D0FDFB
:106D9C00024B1868BDE80840FEF794BFA80300201A
:106DAC0008B52620FCF7C4FD024B5868BDE8084026
:106DBC00FEF788BFA8030020272008B5FCF7B8FD14
:106DCC00034B986818B1BDE80840FEF77BBF08BDBF
:106DDC00A803002003460A4910B508680344EFF3E2
:106DEC000882934205D90C224FF0FF30054B1A60F4
:106DFC0010BD054A054C121B9342F4D20B60F7E709
:106E0C0020000020E40400200050002000040000BA
:106E1C00FEE700001622024B4FF0FF301A6070475D
:106E2C00E40400200120704710B54FF48033012298
:106E3C00022494B00021CDE90A23CDE911434FF48B
:106E4C00E0130AA80C910E921393FDF783FF00B187
:106E5C00FEE70F23CDE905344FF480630790CDE9AD
:106E6C000830214605A8FEF74BF900B1FEE71223C6
:106E7C0001934FF40043CDE9033001A8FEF71AFA51
:106E8C0000B1FEE714B010BDB0F86230013303F06E
:106E9C003F03A0F86230B0F86230B0F85E009BB2ED
:106EAC0098424FF0FF3018BF00207047B0F8F43014
:106EBC00B0F8F000181A00F03F007047B0F8F4304A
:106ECC00B0F8F0209BB293421ABFD0F8E830985C2F
:106EDC004FF0FF30704713B50DF107010446FFF773
:106EEC0079FE90B9B4F86030B4F85C20013303F04B
:106EFC003F03934209D0B4F860209DF80700616D00
:106F0C0092B29BB28854A4F8603002B010BD00005D
:106F1C00012370B50374B0F9E230044601330E4618
:106F2C0000F1940508D190F8F8302BB1002380F8CB
:106F3C00F8302846FFF7B4FEB4F8F2104B1C03F0FF
:106F4C003F03B4F8F62092B29342FAD0D4F8EC2076
:106F5C0028465654A4F8F230FFF72AFE18B92846F2
:106F6C000249FFF779FE012070BD00BF956E000845
:106F7C00037C33B1B0F8F220B0F8F6309BB29A42F1
:106F8C00FAD1704700F11103914208BF4FF0FF3165
:106F9C00C0F8E8300023A0F8E02000F15102A0F87E
:106FAC00F430C0E93B23A0F8E210A0F8F6307047AB
:106FBC0070B54FF47A7316460022C0E90123164BC4
:106FCC00044603604FF6FF73A0F8E230134B0D46F6
:106FDC00984214D1124B9A8AA0F8E220DB8AA0F8CE
:106FEC00E030012E04BF4FF6FF73A4F8E2302046C8
:106FFC00B4F9E020B4F9E210FFF7C4FF70BD094901
:10700C002846FFF7B7FB0849A4F8E2002846FFF72B
:10701C00B1FBA4F8E000E4E7C8880008B403002042
:10702C000888000890870008CC870008B0F9E23087
:10703C0010B5013304460ED103685B69984794F888
:10704C00F83043B9012304F1940084F8F830BDE81A
:10705C001040FFF735BE10BD02F00703023BDBB258
:10706C00042B2DE9F7430E46C0F8FC1096BF1E49C1
:10707C000024CC5C02F03003302B054680F8F9205C
:10708C0026D14FF4C067013412F0080F14BF4FF42F
:10709C0000594FF00009082C21D0092C21D04FF4B5
:1070AC00C1711248FFF79AFB05F1940831463B4633
:1070BC0022464046CDF80090FFF764FD2846FFF7C6
:1070CC00B5FF40460A4903B0BDE8F043FFF79EBD4B
:1070DC0012F020071CBF4FF480670134D4E7002462
:1070EC00E2E74FF48054DFE7B98800084E880008C7
:1070FC00E36E000810B50446FFF798FFB4F8F420CF
:10710C00B4F8F03092B29A4217BFD4F8E8204FF09E
:10711C00FF30D05C01331CBF03F03F03A4F8F03008
:10712C0010BD0000002202490248FFF741BF00BF1A
:10713C0000380140B4030020836810B504462BB11D
:10714C000322014698470023C4E90233204610BDB0
:10715C004B1E032B9ABF880004384FF0FF3070474A
:10716C000139435C2BB1022907D8054B33F81100C8
:10717C007047032901D8034BF8E74FF0FF307047F5
:10718C0052890008588900082DE9F04104460F4641
:10719C00FFF7DEFF431C054604D140F24D113E487B
:1071AC00FFF71CFB7E1E032E28D83C4B13F80680E1
:1071BC0039462046FFF7D4FF013004D140F2571175
:1071CC003548FFF70BFB04EB07173B6E58373BB109
:1071DC006FEA080223691A61DA6842EA0802DA6087
:1071EC0004EB46039B88013B0B2B4BD8DFE803F0E9
:1071FC001B1B1B1B0E0E1B1B4C4C4C284FF4A9715C
:10720C0025484FF0FF38FFF7E9FAD1E7A35D29468F
:10721C0004F110001BB1BDE8F041FEF725BCBDE840
:10722C00F041FEF7E9BBA35D294604F110001BB148
:10723C00BDE8F041FEF702BCBDE8F041FEF7C0BB73
:10724C00294604F11000FEF7D9FB032E8CBF4FF03A
:10725C00FF32134B204698BF9A5725691146FFF70A
:10726C007FFF2B6A1843BB6828625BB1013A032A83
:10727C008EBF4FF0FF32094B9A5CD3432B61EB6806
:10728C001343EB60BDE8F081294604F11000BDE822
:10729C00F041FEF7B3BB00BFE88800086089000826
:1072AC0064890008036E10B5044653B16FF00102F7
:1072BC0050F8103F1A61DA6842F00102DA60FEF70A
:1072CC00FDF820460121FFF75FFF20460221FFF762
:1072DC005BFF20460321FFF757FF2046BDE8104017
:1072EC000421FFF751BF00002DE9F0438DB00E468D
:1072FC00044617469846FFF72BFF411C054604D160
:10730C0040F24D215048FFF769FA013E04EB460369
:10731C009F804FF6FF7305932369CDB95B6B0020FB
:10732C004FF6FF7206930123CDE90900CDE9012345
:10733C00CDE90300079008900B900C2F1ED8DFE8C6
:10734C0007F01010163C3F414A4C4E50585B5D0004
:10735C00042D01D19B6BE2E7082D0CBFDB6B1B6C82
:10736C00DDE705902A4605A904F1100004E010237E
:10737C002A46059305A9E018FEF7D4F9B8F1FF3FAA
:10738C0018D04046FEF7D0FDA84256D140462F49B2
:10739C00093FFFF7BDF9032F05D8404600F05EFC0E
:1073AC00002100F0FDFC40462849FFF7F5F9C0F339
:1073BC000050A0550DB0BDE8F08320230593D1E714
:1073CC003023FBE760232A4605A904F1100005933E
:1073DC00FEF7D4F9D2E77023F5E75023EEE740230C
:1073EC00ECE701902A4601A904F11000FEF750FACF
:1073FC00C4E702230193F5E70A23FBE704F1100924
:10740C0001A92A4601904846FEF742FA032E88BF8E
:10741C004FF0FF314FF00C0298BF0D4B204698BF38
:10742C00995704EB41035A800223CDE90133FFF74E
:10743C008FFE01A902464846D8E740F2B721024820
:10744C00FFF7CCF9AFE700BFE888000858860008C2
:10745C0064890008013903299ABF00EB4100808838
:10746C00002070470B4B98420ED0B0F1804F0DD0DE
:10747C00A3F5943398420BD04FF6FF73064A904213
:10748C0014BF184603207047002070470120704736
:10749C0002207047002C014000080040014670B5E6
:1074AC00044651F8100FFFF7DDFF05460846FFF7BD
:1074BC0003FA0023084A04F1580642F82530E36029
:1074CC0004F1A805B54204D0103D2846FEF7F8FD9E
:1074DC00F8E7204670BD00BFB4040020F8B50023C7
:1074EC00044603660367C0F88030C0F89030C0F8DB
:1074FC00A03008460D46FFF7B5FF4FF6FF739842D4
:10750C00064603D12F211E48FFF768F91D4A04F1E6
:10751C000C0342F8263000230E2204F110062561DC
:10752C003046C4E90C33C4E90E33C4E91033C4E962
:10753C00142384F82C30A36484F84C3084F84D3038
:10754C00E460FFF775F904F1580504F1A807284623
:10755C001035FFF7F1FDBD42F9D100234FF6FF7254
:10756C00C4E90033C4E90632C4E90833A36063619B
:10757C0080233046A362FEF78FF82046F8BD00BF8B
:10758C00E8880008B404002030B50546002487B014
:10759C001422002101A800F0FFFC694601A8009408
:1075AC00FDF76AFE2869FFF729FA012809D002289D
:1075BC0015D00E4840F2FF41FFF710F9204607B0F6
:1075CC0030BD049CFDF738FEB4F5C06F05D00AD869
:1075DC0024F48074B4F5806FF1D14000EFE7059C82
:1075EC00FDF73AFEF0E7B4F5E06FF5E7E888000840
:1075FC00012A38B505460C4607D0022A12D004B130
:10760C00013C2B69DC62EC6138BDFFF7BDFF08491A
:10761C00B0FBF1F044432B69210C99620131B4FBAE
:10762C00F1F4ECE7FFF7B0FFB0FBF4F4F3E700BFC5
:10763C0040420F002DE9F04180461D461446FFF7ED
:10764C0087FDD8F8103007469E6A431C06F10106E8
:10765C0004D140F2F6212548FFF7C0F8822D34D032
:10766C001ED8102D0BD865B1D8F81030DA6A02FB91
:10767C0004420124AC40013CB2FBF4F401E0812D46
:10768C0019D04FF6FF71D8F81030DA6A8A4203D15C
:10769C00B4F5803F08BF1446F7B95C63BDE8F081D0
:1076AC00832DEED1D8F81030DA6A02FB0444642240
:1076BC00B4FBF2F4E5E74046FFF766FF0C4AB0FB7B
:1076CC00F2F04443B4FBF6F4DBE74046FFF75CFF13
:1076DC007443B0FBF4F4D4E7042F01D19C63DDE7D1
:1076EC00082F0CBFDC631C64D8E700BFE8880008D7
:1076FC0040420F00034B186810B10430FDF7F2BE86
:10770C00704700BFB4040020FFF7F4BF034B586868
:10771C0010B10430FDF7E6BE704700BFB404002082
:10772C00034B986810B10430FDF7DCBE704700BF06
:10773C00B4040020034BD86810B10430FDF7D2BE5E
:10774C00704700BFB4040020826810B50AB900F07D
:10775C0025FDC368BDE810401847000010B504466D
:10776C0020B940F226410648FFF738F82046FFF7CB
:10777C005DF80068036E13B15830FFF7E5FF10BDDC
:10778C00E8880008FFF7EABF38B5054620B940F293
:10779C0039411048FFF722F82B7F013B072B11D8FA
:1077AC00DFE803F015041011101010130224284602
:1077BC00FFF73CF8240100685834204483680BB16F
:1077CC00FFF7C2FF38BD0324F1E70424EFE70124DF
:1077DC00EDE700BFE8880008FFF7D6BFFFF7D4BF7E
:1077EC00F8B505460E4617460024BC4207D02B6858
:1077FC0028461B68315D984708B10134F5E72046EF
:10780C00F8BD70B505460C46084649B1F8F778FC4A
:10781C002B68024621462846BDE870405B68184735
:10782C0070BD08B5FFF7EDFF08BD03681B6818476E
:10783C0008B50249FFF7E5FF08BD00BF68890008DD
:10784C0038B50546FFF7DDFF04462846FFF7F0FF85
:10785C00204438BD0023012A98BF0A2230B58BB0D2
:10786C000C468DF8243009A92546B4FBF2F404FB30
:10787C001253DBB2092B94BF30333733DBB2AA423D
:10788C0001F8013DF0D9FFF7BCFF0BB030BD2DE97D
:10789C00F04107460E4614462AB9BDE8F04103688C
:1078AC00C9B21B6818470A2A0DD100290CDA2D2100
:1078BC00FFF7BBFF2246054671423846FFF7CAFF69
:1078CC002844BDE8F081D2B2BDE8F041FFF7C2BF59
:1078DC00FFF7DDBF38B50546FFF7D9FF044628464C
:1078EC00FFF7A6FF204438BD38B50546FFF7CFFF9C
:1078FC0004462846FFF79CFF204438BD10B422B93B
:10790C00026810BC1268C9B2104710BCD2B2FFF7A3
:10791C00A1BF38B50546FFF7F1FF04462846FFF72F
:10792C0087FF204438BD00002DE9F84F1946054665
:10793C00104692461F469DF82860F9F73FF838B17B
:10794C004A492846FFF75DFF04462046BDE8F88FFC
:10795C0027F000444FF0FF3250462146444BF9F7D4
:10796C002DF848B94FF0FF3250462146404BF9F7FD
:10797C0007F808B93F49E4E74FF0604250463946F2
:10798C003D4BF9F711F808B13C49DAE74FF060428A
:10799C00504639463A4BF8F7E9FF0028F4D100225B
:1079AC00002350463946F8F7E1FF044630B12D214B
:1079BC002846FFF73AFF044607F100474FF0000B4B
:1079CC0000204FF000082F49DFF8C0905FFA8BF3CE
:1079DC009E4206D942464B46F8F780FE0BF1010B4E
:1079EC00F4E73B465246F8F799FB89468046F9F78F
:1079FC0023F80746F8F7CEFC02460B4640464946AC
:107A0C00F8F78AFB0A228046894628463946FFF752
:107A1C0021FF044426B128461B49FFF7F2FE04441B
:107A2C004FF0000ADFF864B0013EF6B2FF2E8CD0A6
:107A3C005B46524640464946F8F726FD8946804645
:107A4C00F8F7D2FF0A22014607462846FFF71FFF28
:107A5C0004443846F8F7AEFC02460B46404649460D
:107A6C00F8F75AFB80468946DEE700BF6B890008B1
:107A7C00FFFFEF7F6F890008FFFFEF41738900085C
:107A8C00FFFFEFC10000E03F7789000800002440B1
:107A9C009DF800100091FFF747BF37B59DF81810FF
:107AAC0005460091FFF740FF04462846FFF7C0FE4D
:107ABC00204403B030BD10B5044600F009FAE06074
:107ACC0023682046DB689847002808DA00F000FAA3
:107ADC00E368C01AA3689842F2D34FF0FF3010BD90
:107AEC00F8B506460D4617460024BC4207D0304672
:107AFC00FFF7E1FF031E02DB2B550134F5E72046AF
:107B0C00F8BD2DE9F0410746884616461D4673B16F
:107B1C0000243846FFF7CFFF031E05DB434503D097
:107B2C0033550134A542F4D12046BDE8F0811C4602
:107B3C00FAE7000022282DE9F0418CBF4FF0FF3806
:107B4C00254B86B098BF33F910800F46C8F303104D
:107B5C001446FEF795F9054668B3042C96BF1F4BE7
:107B6C001F4E53F824601F4B1FFA88F49A6942F099
:107B7C0001029A619B6903F001030193019BA4F13B
:107B8C000D03012B1AD8184B5A6822F0E06242F010
:107B9C0080625A60394602A8FEF7D8FA012104F037
:107BAC000F04A1402846334602AA89B2FEF7DEFA3A
:107BBC0002A8FEF785FA06B0BDE8F081B8F10F0F08
:107BCC0003D0A4F11303012BE4D8074B5A6822F01D
:107BDC00E06242F00072DCE7088800087C8900084B
:107BEC00000011100010024000000140002330B5CD
:107BFC0089B004461546029321B10B4B00910393B7
:107C0C000A4B0293694604A8FEF7A0FA2A4604A977
:107C1C002046FFF78FFF04A8FEF752FA6846FEF7DE
:107C2C004FFA09B030BD00BFB3600008B760000860
:107C3C0008B50320FBF700FEBDE8084000F066B96C
:107C4C0008B5AFF30080F9F76DFAF9F787FA00F091
:107C5C004FF9FAE700F082B900F088B9C0F30312CB
:107C6C00042A034609D80020054A32F9021B99421E
:107C7C0004D001302328F8D170472320704700BF6F
:107C8C0008880008002103E00B4B5B58435004317B
:107C9C000A480B4B42189A42F6D30A4A02E00023D8
:107CAC0042F8043B084B9A42F9D3FEF799FD00F0D9
:107CBC0031F9FFF7C5FF70477C8A000800000020EF
:107CCC009400002094000020F4040020FEE7914270
:107CDC000FD008D90123891A8B40984208D3013060
:107CEC00C8400138704720B10130511A8840F8E77C
:107CFC000020704722282DE9F04104460F4641D858
:107D0C00214B33F910506A1C3CD028461F49FEF712
:107D1C0021FCDFF88880064600B31D4AC5F3031129
:107D2C0052F8210005F00F0420FA04F3DB075FBFC3
:107D3C000123A340034342F82130164BD8F800101E
:107D4C001C6838462246FFF7C2FF13490246E3B2CD
:107D5C002846BDE8F0410968FEF7F6B82046012137
:107D6C0000F01EF8D8F8001038460822FFF7AFFFD5
:107D7C007F2898BF31462046BDE8F04188BF0121DD
:107D8C0000F05CB8BDE8F08108880008588600084F
:107D9C00C404002024000020280000202C00002017
:107DAC0022282DE9F0410E463DD8204B33F91040E6
:107DBC00621C38D01E4DC4F3031755F8273004F05D
:107DCC000F0823FA08F3DB0710D520461949FEF7F4
:107DDC00C1FB10B12046FEF707F9012303FA08F2A4
:107DEC0055F8273023EA020345F82730052E14D81E
:107DFC00DFE806F0030F090B0D1100212046BDE84A
:107E0C00F041FEF7B7BB1021F8E72021F6E703217C
:107E1C00F4E70121F2E70921F0E74921BDE8F0413F
:107E2C000548FEF7DBBCBDE8F08100BF0888000800
:107E3C00C4040020588600089089000822288EBFB0
:107E4C004FF0FF330C4B33F91030C3F30312042AF9
:107E5C0098BF0A4803F00F0398BF50F82220084837
:107E6C0088BF002250F82330C3F30F2309B11361EC
:107E7C0070475361704700BF088800080800002055
:107E8C006C85000822288EBF4FF0FF330D4B33F961
:107E9C001030C3F30312042A10D80B4903F00F035C
:107EAC0051F822209068094AC04352F8233000EA66
:107EBC00132080B2B0FA80F04009704700239B6811
:107ECC00FFDE00BF08880008080000206C85000851
:107EDC00FEF7B8B838B5044648B1FEF7B3F8054616
:107EEC0000F016F8FEF7AEF8431BA342F8D338BDEA
:107EFC0008B5044B2BB10448FEF7D8FF08B1AFF31B
:107F0C00008008BD00000000B4030020FEF7C2B8DA
:107F1C007047000070B500260C4D0D4C641BA4106E
:107F2C00A64209D100F088F900260A4D0A4C641BC0
:107F3C00A410A64205D170BD55F8043B98470136F4
:107F4C00EEE755F8043B98470136F2E75C8A0008E7
:107F5C005C8A00085C8A0008748A0008024B01469F
:107F6C00186800F06DB800BF30000020024B0146CD
:107F7C00186800F019B800BF300000200A44914284
:107F8C0000F1FF3300D1704710B511F8014B91424D
:107F9C0003F8014FF9D110BD03460244934200D1BE
:107FAC00704703F8011BF9E738B50546002943D0A3
:107FBC0051F8043C0C1F002BB8BFE41800F0B4F8C7
:107FCC001E4A1368104633B9636014602846BDE836
:107FDC00384000F0AFB8A3420AD921686218934226
:107FEC0001BF1A685B685218226063600460EDE799
:107FFC001A465B680BB1A342FAD911685018A0421B
:10800C000BD120680144501883421160DED11868EE
:10801C005B68014411605360D8E702D90C232B60D4
:10802C00D4E7206821188B4201BF19685B680918D6
:10803C00216063605460C9E738BD00BFD8040020DC
:10804C00F8B5CD1C25F0030508350C2D38BF0C25D3
:10805C00002D064601DBA94203D90C233360002016
:10806C00F8BD00F061F821490A6814469CB9204F0C
:10807C003B6823B92146304600F044F83860294665
:10808C00304600F03FF8431C23D10C2330463360BC
:10809C0000F050F8E3E723685B1B17D40B2B03D9D4
:1080AC0023601C44256004E06368A2420CBF0B6093
:1080BC005360304600F03EF804F10B00231D20F015
:1080CC000700C21ACCD01B1AA350C9E72246646819
:1080DC00CCE7C41C24F00304A042E3D0211A3046A0
:1080EC0000F010F80130DDD1CFE700BFD80400203C
:1080FC00DC040020024B0A460146186800F020B848
:10810C003000002038B50023054D044608462B608E
:10811C00FEF760FE431C02D12B6803B1236038BD0F
:10812C00E4040020704770470148FFF7FBBF00BF15
:10813C00EC0400200148FFF7F6BF00BFEC04002060
:10814C00F8B5074614460E4621B91146BDE8F8406D
:10815C00FFF776BF22B9FFF727FF25462846F8BD63
:10816C0000F014F8A0420FD221463846FFF768FF02
:10817C0005460028F2D031462246FFF7FFFE314675
:10818C003846FFF711FFE9E73546E7E751F8043CBD
:10819C00181F002BBCBF0B58C018704708B500F057
:1081AC0000F8062008B500F02BF80120FEF730FE91
:1081BC001F2938B504460D4604D9162303604FF029
:1081CC00FF3038BD426C12B152F821304BB9204609
:1081DC0000F030F82A4601462046BDE8384000F051
:1081EC0017B8012B0AD0591C03D1162303600120A8
:1081FC00E7E70024284642F8254098470020E0E7AE
:10820C00024B01461868FFF7D3BF00BF30000020B7
:10821C0038B50023064D0446084611462B60FEF780
:10822C00F9FD431C02D12B6803B1236038BD00BF9C
:10823C00E4040020FEF7F6BDF8B500BFF8BC08BC9E
:10824C009E467047F8B500BFF8BC08BC9E46704708
:10825C004D49434F524F5F4D4F5553452052454169
:10826C004459004C6F636B6564206D6F6465203DF1
:10827C0020004D6F64652030202D2049646C650012
:10828C004D6F64652031202D205445535420564C9D
:10829C0035334C305800464C3A2000207C204C3A68
:1082AC002000207C20523A2000207C2046523A208C
:1082BC00004D6F64652032202D2054657374204C62
:1082CC00454654004D6F64652033202D2054657352
:1082DC0074205249474854004D6F64652034202D5A
:1082EC0020546573742046524F4E5400207C20005D
:1082FC004D6F64652037005B57414C4C2D4C5D2015
:10830C00463A00207C2046626C6B3A00204C6F7021
:10831C00656E3A0020526F70656E3A003D3D3D3DF2
:10832C003D2000203D3D3D3D3D002F00204572721B
:10833C004C3A00207C20523A0020457272523A008E
:10834C004D6F746F7220696E6974204F4B00456ECF
:10835C00636F6465722049535220696E6974204FB3
:10836C004B000A3E3E3E204D4F5645204C3A0020D5
:10837C00534C4F57002052554E0054494D454F55C4
:10838C00542053544F50004D4F564520444F4E45AA
:10839C0000534C4F57444F574E210020654C3A0028
:1083AC002065523A0020734C3A002073523A000078
:1083BC00FF0100010000FFFF0000010001FF005B56
:1083CC0057414C4C5D20463A004E6F20656E6F75E0
:1083DC006768206D656D6F72792120282569290ADF
:1083EC0000433A5C55736572735C415355535C4161
:1083FC007070446174615C4C6F63616C5C4172645D
:10840C0075696E6F31355C7061636B616765735C48
:10841C0053544D33325C68617264776172655C737E
:10842C00746D33325C312E392E305C6C6962726142
:10843C00726965735C576972655C7372635C5769CA
:10844C0072652E63707000000000000000000000D8
:10845C0055250008A5250008E1240008E92400089A
:10846C00032500082B280008ED7A00080F7B000874
:10847C00433A5C55736572735C415355535C417060
:10848C0070446174615C4C6F63616C5C41726475C7
:10849C00696E6F31355C7061636B616765735C53DA
:1084AC00544D33325C68617264776172655C7374CD
:1084BC006D33325C312E392E305C6C6962726172B4
:1084CC006965735C576972655C7372635C7574691A
:1084DC006C6974795C7477692E6300020304050679
:1084EC000708090A0B0C0D0E0F101000433A5C55CF
:1084FC00736572735C415355535C41707044617485
:10850C00615C4C6F63616C5C41726475696E6F3158
:10851C00355C7061636B616765735C53544D3332CA
:10852C005C68617264776172655C73746D33325C24
:10853C00312E392E305C6C69627261726965735CC4
:10854C00537263577261707065725C7372635C73A3
:10855C00746D33325C70696E6D61702E6300000057
:10856C0001010000020200000404000008080000E1
:10857C00101000002020000040400000808000000F
:10858C0001000104020002040400040408000804B1
:10859C0010001004200020044000400480008004DF
:1085AC000000000000000000010203040607080997
:1085BC00000000000102030454494D3A20556E6B33
:1085CC006E6F776E2074696D6572204952516E0022
:1085DC0054494D3A20556E6B6E6F776E2074696DF1
:1085EC00657220696E7374616E636500160000001D
:1085FC00005400400A000000180000000054004025
:10860C000A0300001A000000005800400A00000095
:10861C00FFFF000000000000000000001700000039
:10862C00005400400A0000001900000000540040F3
:10863C000A0300001B000000005800400A00000064
:10864C00FFFF000000000000000000000000000020
:10865C0000000040128000000100000000000040FB
:10866C001200010002000000000000401280010016
:10867C000300000000000040120002000600000091
:10868C0000040040128000000700000000040040BD
:10869C001200010008000000002C014012800000B4
:1086AC0009000000002C0140120001000A0000002B
:1086BC00002C0140128001000B000000002C014036
:1086CC00120002000F00000000000040128F00009A
:1086DC001000000000040040128001001100000096
:1086EC0000040040120002001300000000000040D3
:1086FC00120F01001400000000040040129400004E
:10870C0015000000000400401214010016000000C7
:10871C000008004012800000170000000008004014
:10872C001200010018000000000800401280010037
:10873C001900000000080040120002001A0000009E
:10874C0000000040128F01001B00000000000040E0
:10875C00120F02001D000000002C014012801000BE
:10876C001E000000002C0140120011001F00000030
:10877C00002C014012801100FFFF000000000000DF
:10878C000000000003000000004400401000000046
:10879C000A00000000380140100000001700000023
:1087AC0000380140100500001B000000004800408C
:1087BC0010000000FFFF000000000000000000009F
:1087CC0002000000004400401200000009000000FC
:1087DC000038014012000000160000000038014073
:1087EC00120500001A0000000048004012000000B2
:1087FC00FFFF00000000000000000000190018003E
:10880C00170016001500140013000F000C000B00CD
:10881C000A00090008001F001E001D001C002D008E
:10882C002E002F00000001000200030004000500D0
:10883C0006000700100011001A001B0012000D00AA
:10884C000E00433A5C55736572735C415355535C2F
:10885C00417070446174615C4C6F63616C5C41721B
:10886C006475696E6F31355C7061636B61676573DC
:10887C005C53544D33325C68617264776172655C31
:10888C0073746D33325C312E392E305C636F7265CC
:10889C00735C61726475696E6F5C48617264776158
:1088AC00726553657269616C2E6370700006000707
:1088BC000008000000000000000000001D6F000810
:1088CC00ED770008B96E000801710008C96E000848
:1088DC007D6F0008ED7A00080F7B0008433A5C5569
:1088EC00736572735C415355535C41707044617491
:1088FC00615C4C6F63616C5C41726475696E6F3165
:10890C00355C7061636B616765735C53544D3332D6
:10891C005C68617264776172655C73746D33325C30
:10892C00312E392E305C636F7265735C61726475C5
:10893C00696E6F5C486172647761726554696D65CC
:10894C00722E6370700004004000000401001000DF
:10895C000001001002040810020104030D0A006E4D
:10896C00616E00696E66006F7666002E0000000076
:10897C000000211000001110000031100000211027
:10898C0000001110433A5C55736572735C4153558A
:10899C00535C417070446174615C4C6F63616C5CDE
:1089AC0041726475696E6F31355C7061636B6167C0
:1089BC0065735C53544D33325C68617264776172D9
:1089CC00655C73746D33325C312E392E305C636FA1
:1089DC007265735C61726475696E6F5C77697269DC
:1089EC006E675F6469676974616C2E6300000000D8
:1089FC00000000000000000000000000000000006B
:108A0C00000000000000000000000000000000005A
:108A1C00000000000000000000000000000000004A
:108A2C00000000000000000000000000000000003A
:108A3C00000000000000000000000000000000002A
:108A4C00000000000000000000000000000000001A
:108A5C003D7C0008DD100008B12400084D280008FA
:088A6C00696200083171000885
:088A7400B9100008F1620008CE
:108A7C00010100001000000000080140000C014042
:108A8C000010014000140140001801400024F400C3
:108A9C00F804002008000000E803000008000000B3
:108AAC0034000020000000001C8A00083C8A0008EA
:108ABC00FC8900080000000000000000000000001D
:108ACC00000000000000000000000000000000009A
:108ADC00000000000000000000000000000000008A
:108AEC00000000000000000000000000000000007A
:108AFC00000000000000000000000000000000006A
:048B0C000000000065
:0400000508007C91E2
:00000001FF
